date,area,property_scope,avg_rent_gbp_pcm,avg_mortgage_payment_gbp_pcm,rent_minus_mortgage_gbp_pcm,note,source,collected_as_of
2026-07-01,UK,FTB_2bed_or_fewer,1290,1180,110,mortgage 90% LTV 2y fixed; 10% deposit basis as published,rightmove_hpi,2026-08-09
2026-06-01,UK,FTB_2bed_or_fewer,1290,1203,87,mortgage 90% LTV 2y fixed; 10% deposit basis as published,rightmove_hpi,2026-08-09
2026-05-01,UK,FTB_2bed_or_fewer,1272,1218,54,mortgage 90% LTV 2y fixed; 10% deposit basis as published,rightmove_hpi,2026-08-09
2026-04-01,UK,FTB_2bed_or_fewer,1267,1237,30,mortgage 90% LTV 2y fixed; 10% deposit basis as published,rightmove_hpi,2026-08-09
2026-03-01,UK,FTB_2bed_or_fewer,1258,1163,95,mortgage 90% LTV 2y fixed; 10% deposit basis as published,rightmove_hpi,2026-08-09
2026-02-01,UK,FTB_2bed_or_fewer,1251,1117,134,mortgage 90% LTV 2y fixed; 10% deposit basis as published,rightmove_hpi,2026-08-09
2026-01-01,UK,FTB_2bed_or_fewer,1250,1112,138,mortgage 90% LTV 2y fixed; 10% deposit basis as published,rightmove_hpi,2026-08-09
2025-12-01,UK,FTB_2bed_or_fewer,1244,1096,148,mortgage 90% LTV 2y fixed; 10% deposit basis as published,rightmove_hpi,2026-08-09
2025-11-01,UK,FTB_2bed_or_fewer,1249,1118,131,mortgage 90% LTV 2y fixed; 10% deposit basis as published,rightmove_hpi,2026-08-09
2025-10-01,UK,FTB_2bed_or_fewer,1261,1139,122,mortgage 90% LTV 2y fixed; 10% deposit basis as published,rightmove_hpi,2026-08-09
2025-09-01,UK,FTB_2bed_or_fewer,1266,1141,125,mortgage 90% LTV 2y fixed; 10% deposit basis as published,rightmove_hpi,2026-08-09
2025-08-01,UK,FTB_2bed_or_fewer,1267,1131,136,mortgage 90% LTV 2y fixed; 10% deposit basis as published,rightmove_hpi,2026-08-09
2025-07-01,UK,FTB_2bed_or_fewer,1262,1140,122,mortgage 90% LTV 2y fixed; 10% deposit basis as published,rightmove_hpi,2026-08-09
2025-06-01,UK,FTB_2bed_or_fewer,1251,1155,96,mortgage 90% LTV 2y fixed; 10% deposit basis as published,rightmove_hpi,2026-08-09
2025-05-01,UK,FTB_2bed_or_fewer,1245,1159,86,mortgage 90% LTV 2y fixed; 10% deposit basis as published,rightmove_hpi,2026-08-09
2025-04-01,UK,FTB_2bed_or_fewer,1244,1166,78,mortgage 90% LTV 2y fixed; 10% deposit basis as published,rightmove_hpi,2026-08-09
2025-03-01,UK,FTB_2bed_or_fewer,1241,1165,76,mortgage 90% LTV 2y fixed; 10% deposit basis as published,rightmove_hpi,2026-08-09
2025-02-01,UK,FTB_2bed_or_fewer,1240,1161,79,mortgage 90% LTV 2y fixed; 10% deposit basis as published,rightmove_hpi,2026-08-09
2025-01-01,UK,FTB_2bed_or_fewer,1237,1169,68,mortgage 90% LTV 2y fixed; 10% deposit basis as published,rightmove_hpi,2026-08-09
2024-12-01,UK,FTB_2bed_or_fewer,1231,1162,69,mortgage 90% LTV 2y fixed; 10% deposit basis as published,rightmove_hpi,2026-08-09
2024-11-01,UK,FTB_2bed_or_fewer,1231,1159,72,mortgage 90% LTV 2y fixed; 10% deposit basis as published,rightmove_hpi,2026-08-09
2024-10-01,UK,FTB_2bed_or_fewer,1240,1146,94,mortgage 90% LTV 2y fixed; 10% deposit basis as published,rightmove_hpi,2026-08-09
2024-09-01,UK,FTB_2bed_or_fewer,1245,1153,92,mortgage 90% LTV 2y fixed; 10% deposit basis as published,rightmove_hpi,2026-08-09
2024-08-01,UK,FTB_2bed_or_fewer,1240,1171,69,mortgage 90% LTV 2y fixed; 10% deposit basis as published,rightmove_hpi,2026-08-09
2024-07-01,UK,FTB_2bed_or_fewer,1230,1190,40,mortgage 90% LTV 2y fixed; 10% deposit basis as published,rightmove_hpi,2026-08-09
2024-06-01,UK,FTB_2bed_or_fewer,1222,1200,22,mortgage 90% LTV 2y fixed; 10% deposit basis as published,rightmove_hpi,2026-08-09
2024-05-01,UK,FTB_2bed_or_fewer,1218,1200,18,mortgage 90% LTV 2y fixed; 10% deposit basis as published,rightmove_hpi,2026-08-09
2024-04-01,UK,FTB_2bed_or_fewer,1214,1176,38,mortgage 90% LTV 2y fixed; 10% deposit basis as published,rightmove_hpi,2026-08-09
2024-03-01,UK,FTB_2bed_or_fewer,1203,1170,33,mortgage 90% LTV 2y fixed; 10% deposit basis as published,rightmove_hpi,2026-08-09
2024-02-01,UK,FTB_2bed_or_fewer,1200,1147,53,mortgage 90% LTV 2y fixed; 10% deposit basis as published,rightmove_hpi,2026-08-09
2024-01-01,UK,FTB_2bed_or_fewer,1198,1148,50,mortgage 90% LTV 2y fixed; 10% deposit basis as published,rightmove_hpi,2026-08-09
2023-12-01,UK,FTB_2bed_or_fewer,1190,1164,26,mortgage 90% LTV 2y fixed; 10% deposit basis as published,rightmove_hpi,2026-08-09
2023-11-01,UK,FTB_2bed_or_fewer,1194,1204,-10,mortgage 90% LTV 2y fixed; 10% deposit basis as published,rightmove_hpi,2026-08-09
2023-10-01,UK,FTB_2bed_or_fewer,1201,1229,-28,mortgage 90% LTV 2y fixed; 10% deposit basis as published,rightmove_hpi,2026-08-09
2023-09-01,UK,FTB_2bed_or_fewer,1199,1259,-60,mortgage 90% LTV 2y fixed; 10% deposit basis as published,rightmove_hpi,2026-08-09
2023-08-01,UK,FTB_2bed_or_fewer,1186,1281,-95,mortgage 90% LTV 2y fixed; 10% deposit basis as published,rightmove_hpi,2026-08-09
2023-07-01,UK,FTB_2bed_or_fewer,1170,1295,-125,mortgage 90% LTV 2y fixed; 10% deposit basis as published,rightmove_hpi,2026-08-09
2023-06-01,UK,FTB_2bed_or_fewer,1159,1219,-60,mortgage 90% LTV 2y fixed; 10% deposit basis as published,rightmove_hpi,2026-08-09
2023-05-01,UK,FTB_2bed_or_fewer,1147,1140,7,mortgage 90% LTV 2y fixed; 10% deposit basis as published,rightmove_hpi,2026-08-09
2023-04-01,UK,FTB_2bed_or_fewer,1138,1121,17,mortgage 90% LTV 2y fixed; 10% deposit basis as published,rightmove_hpi,2026-08-09
2023-03-01,UK,FTB_2bed_or_fewer,1127,1131,-4,mortgage 90% LTV 2y fixed; 10% deposit basis as published,rightmove_hpi,2026-08-09
2023-02-01,UK,FTB_2bed_or_fewer,1115,1138,-23,mortgage 90% LTV 2y fixed; 10% deposit basis as published,rightmove_hpi,2026-08-09
2023-01-01,UK,FTB_2bed_or_fewer,1102,1168,-66,mortgage 90% LTV 2y fixed; 10% deposit basis as published,rightmove_hpi,2026-08-09
2022-12-01,UK,FTB_2bed_or_fewer,1095,1206,-111,mortgage 90% LTV 2y fixed; 10% deposit basis as published,rightmove_hpi,2026-08-09
2022-11-01,UK,FTB_2bed_or_fewer,1093,1265,-172,mortgage 90% LTV 2y fixed; 10% deposit basis as published,rightmove_hpi,2026-08-09
2022-10-01,UK,FTB_2bed_or_fewer,1085,1294,-209,mortgage 90% LTV 2y fixed; 10% deposit basis as published,rightmove_hpi,2026-08-09
2022-09-01,UK,FTB_2bed_or_fewer,1073,1091,-18,mortgage 90% LTV 2y fixed; 10% deposit basis as published,rightmove_hpi,2026-08-09
2022-08-01,UK,FTB_2bed_or_fewer,1056,1050,6,mortgage 90% LTV 2y fixed; 10% deposit basis as published,rightmove_hpi,2026-08-09
2022-07-01,UK,FTB_2bed_or_fewer,1043,1024,19,mortgage 90% LTV 2y fixed; 10% deposit basis as published,rightmove_hpi,2026-08-09
2022-06-01,UK,FTB_2bed_or_fewer,1033,980,53,mortgage 90% LTV 2y fixed; 10% deposit basis as published,rightmove_hpi,2026-08-09
2022-05-01,UK,FTB_2bed_or_fewer,1026,944,82,mortgage 90% LTV 2y fixed; 10% deposit basis as published,rightmove_hpi,2026-08-09
2022-04-01,UK,FTB_2bed_or_fewer,1017,912,105,mortgage 90% LTV 2y fixed; 10% deposit basis as published,rightmove_hpi,2026-08-09
2022-03-01,UK,FTB_2bed_or_fewer,1008,886,122,mortgage 90% LTV 2y fixed; 10% deposit basis as published,rightmove_hpi,2026-08-09
2022-02-01,UK,FTB_2bed_or_fewer,995,855,140,mortgage 90% LTV 2y fixed; 10% deposit basis as published,rightmove_hpi,2026-08-09
2022-01-01,UK,FTB_2bed_or_fewer,985,844,141,mortgage 90% LTV 2y fixed; 10% deposit basis as published,rightmove_hpi,2026-08-09
2021-12-01,UK,FTB_2bed_or_fewer,978,833,145,mortgage 90% LTV 2y fixed; 10% deposit basis as published,rightmove_hpi,2026-08-09
2021-11-01,UK,FTB_2bed_or_fewer,972,836,136,mortgage 90% LTV 2y fixed; 10% deposit basis as published,rightmove_hpi,2026-08-09
2021-10-01,UK,FTB_2bed_or_fewer,964,827,137,mortgage 90% LTV 2y fixed; 10% deposit basis as published,rightmove_hpi,2026-08-09
2021-09-01,UK,FTB_2bed_or_fewer,950,829,121,mortgage 90% LTV 2y fixed; 10% deposit basis as published,rightmove_hpi,2026-08-09
2021-08-01,UK,FTB_2bed_or_fewer,935,837,98,mortgage 90% LTV 2y fixed; 10% deposit basis as published,rightmove_hpi,2026-08-09
2021-07-01,UK,FTB_2bed_or_fewer,926,844,82,mortgage 90% LTV 2y fixed; 10% deposit basis as published,rightmove_hpi,2026-08-09
2021-06-01,UK,FTB_2bed_or_fewer,917,846,71,mortgage 90% LTV 2y fixed; 10% deposit basis as published,rightmove_hpi,2026-08-09
2021-05-01,UK,FTB_2bed_or_fewer,903,852,51,mortgage 90% LTV 2y fixed; 10% deposit basis as published,rightmove_hpi,2026-08-09
2021-04-01,UK,FTB_2bed_or_fewer,896,839,57,mortgage 90% LTV 2y fixed; 10% deposit basis as published,rightmove_hpi,2026-08-09
2021-03-01,UK,FTB_2bed_or_fewer,892,822,70,mortgage 90% LTV 2y fixed; 10% deposit basis as published,rightmove_hpi,2026-08-09
2021-02-01,UK,FTB_2bed_or_fewer,888,819,69,mortgage 90% LTV 2y fixed; 10% deposit basis as published,rightmove_hpi,2026-08-09
2021-01-01,UK,FTB_2bed_or_fewer,885,820,65,mortgage 90% LTV 2y fixed; 10% deposit basis as published,rightmove_hpi,2026-08-09
2020-12-01,UK,FTB_2bed_or_fewer,884,817,67,mortgage 90% LTV 2y fixed; 10% deposit basis as published,rightmove_hpi,2026-08-09
2020-11-01,UK,FTB_2bed_or_fewer,884,818,66,mortgage 90% LTV 2y fixed; 10% deposit basis as published,rightmove_hpi,2026-08-09
2020-10-01,UK,FTB_2bed_or_fewer,895,817,78,mortgage 90% LTV 2y fixed; 10% deposit basis as published,rightmove_hpi,2026-08-09
2020-09-01,UK,FTB_2bed_or_fewer,895,799,96,mortgage 90% LTV 2y fixed; 10% deposit basis as published,rightmove_hpi,2026-08-09
2020-08-01,UK,FTB_2bed_or_fewer,891,792,99,mortgage 90% LTV 2y fixed; 10% deposit basis as published,rightmove_hpi,2026-08-09
2020-07-01,UK,FTB_2bed_or_fewer,886,779,107,mortgage 90% LTV 2y fixed; 10% deposit basis as published,rightmove_hpi,2026-08-09
2020-06-01,UK,FTB_2bed_or_fewer,887,749,138,mortgage 90% LTV 2y fixed; 10% deposit basis as published,rightmove_hpi,2026-08-09
2020-05-01,UK,FTB_2bed_or_fewer,892,744,148,mortgage 90% LTV 2y fixed; 10% deposit basis as published,rightmove_hpi,2026-08-09
2020-04-01,UK,FTB_2bed_or_fewer,893,752,141,mortgage 90% LTV 2y fixed; 10% deposit basis as published,rightmove_hpi,2026-08-09
2020-03-01,UK,FTB_2bed_or_fewer,895,766,129,mortgage 90% LTV 2y fixed; 10% deposit basis as published,rightmove_hpi,2026-08-09
2020-02-01,UK,FTB_2bed_or_fewer,894,759,135,mortgage 90% LTV 2y fixed; 10% deposit basis as published,rightmove_hpi,2026-08-09
2020-01-01,UK,FTB_2bed_or_fewer,892,758,134,mortgage 90% LTV 2y fixed; 10% deposit basis as published,rightmove_hpi,2026-08-09
2019-12-01,UK,FTB_2bed_or_fewer,889,746,143,mortgage 90% LTV 2y fixed; 10% deposit basis as published,rightmove_hpi,2026-08-09
2019-11-01,UK,FTB_2bed_or_fewer,886,751,135,mortgage 90% LTV 2y fixed; 10% deposit basis as published,rightmove_hpi,2026-08-09
2019-10-01,UK,FTB_2bed_or_fewer,885,752,133,mortgage 90% LTV 2y fixed; 10% deposit basis as published,rightmove_hpi,2026-08-09
2019-09-01,UK,FTB_2bed_or_fewer,881,761,120,mortgage 90% LTV 2y fixed; 10% deposit basis as published,rightmove_hpi,2026-08-09
2019-08-01,UK,FTB_2bed_or_fewer,877,760,117,mortgage 90% LTV 2y fixed; 10% deposit basis as published,rightmove_hpi,2026-08-09
2019-07-01,UK,FTB_2bed_or_fewer,874,764,110,mortgage 90% LTV 2y fixed; 10% deposit basis as published,rightmove_hpi,2026-08-09
2019-06-01,UK,FTB_2bed_or_fewer,868,765,103,mortgage 90% LTV 2y fixed; 10% deposit basis as published,rightmove_hpi,2026-08-09
2019-05-01,UK,FTB_2bed_or_fewer,865,766,99,mortgage 90% LTV 2y fixed; 10% deposit basis as published,rightmove_hpi,2026-08-09
2019-04-01,UK,FTB_2bed_or_fewer,864,760,104,mortgage 90% LTV 2y fixed; 10% deposit basis as published,rightmove_hpi,2026-08-09
2019-03-01,UK,FTB_2bed_or_fewer,862,757,105,mortgage 90% LTV 2y fixed; 10% deposit basis as published,rightmove_hpi,2026-08-09
2019-02-01,UK,FTB_2bed_or_fewer,862,759,103,mortgage 90% LTV 2y fixed; 10% deposit basis as published,rightmove_hpi,2026-08-09
