date,area,avg_asking_price_gbp,mom_change_pct,yoy_change_pct,days_to_find_buyer,price_lag1,mom_lag1,yoy_lag1,days_lag1,price_lag2,mom_lag2,yoy_lag2,days_lag2,price_lag3,mom_lag3,yoy_lag3,days_lag3,target_next_mom_pct,target_fwd_3m_return_pct
2025-08-01,East Midlands,291440,-0.3,1.1,69,,,,,,,,,,,,,0.04,-2.37
2025-09-01,East Midlands,291578,0.04,0.9,68,291440,-0.3,1.1,69,,,,,,,,,-0.6,-3.19
2025-10-01,East Midlands,289928,-0.6,1.1,70,291578,0.04,0.9,68,291440,-0.3,1.1,69,,,,,-1.9,-3.22
2025-11-01,East Midlands,284531,-1.9,-0.8,71,289928,-0.6,1.1,70,291578,0.04,0.9,68,291440,-0.3,1.1,69,-0.8,0.75
2025-12-01,East Midlands,282269,-0.8,0.8,75,284531,-1.9,-0.8,71,289928,-0.6,1.1,70,291578,0.04,0.9,68,-0.6,2.82
2026-01-01,East Midlands,280598,-0.6,-0.2,80,282269,-0.8,0.8,75,284531,-1.9,-0.8,71,289928,-0.6,1.1,70,2.2,3.85
2026-02-01,East Midlands,286666,2.2,0.4,86,280598,-0.6,-0.2,80,282269,-0.8,0.8,75,284531,-1.9,-0.8,71,1.2,2.69
2026-03-01,East Midlands,290218,1.2,1.3,79,286666,2.2,0.4,86,280598,-0.6,-0.2,80,282269,-0.8,0.8,75,0.4,1.55
2026-04-01,East Midlands,291392,0.4,-0.23,73,290218,1.2,1.3,79,286666,2.2,0.4,86,280598,-0.6,-0.2,80,1.0,0.03
2026-05-01,East Midlands,294386,1.0,0.8,68,291392,0.4,-0.23,73,290218,1.2,1.3,79,286666,2.2,0.4,86,0.1,
2026-06-01,East Midlands,294710,0.1,0.9,65,294386,1.0,0.8,68,291392,0.4,-0.23,73,290218,1.2,1.3,79,-1.1,
2026-07-01,East Midlands,291470,-1.1,-0.3,68,294710,0.1,0.9,65,294386,1.0,0.8,68,291392,0.4,-0.23,73,,
2025-08-01,East of England,420729,-0.4,0.6,66,,,,,,,,,,,,,-0.4,-1.54
2025-09-01,East of England,418837,-0.4,0.2,66,420729,-0.4,0.6,66,,,,,,,,,0.3,-4.38
2025-10-01,East of England,420254,0.3,-0.6,67,418837,-0.4,0.2,66,420729,-0.4,0.6,66,,,,,-1.4,-1.83
2025-11-01,East of England,414260,-1.4,-0.6,70,420254,0.3,-0.6,67,418837,-0.4,0.2,66,420729,-0.4,0.6,66,-3.3,0.17
2025-12-01,East of England,400472,-3.3,-1.7,74,414260,-1.4,-0.6,70,420254,0.3,-0.6,67,418837,-0.4,0.2,66,3.0,4.74
2026-01-01,East of England,412555,3.0,-0.3,79,400472,-3.3,-1.7,74,414260,-1.4,-0.6,70,420254,0.3,-0.6,67,0.6,2.1
2026-02-01,East of England,414965,0.6,0.2,83,412555,3.0,-0.3,79,400472,-3.3,-1.7,74,414260,-1.4,-0.6,70,1.1,2.69
2026-03-01,East of England,419447,1.1,-0.2,76,414965,0.6,0.2,83,412555,3.0,-0.3,79,400472,-3.3,-1.7,74,0.43,0.73
2026-04-01,East of England,421237,0.43,-0.88,69,419447,1.1,-0.2,76,414965,0.6,0.2,83,412555,3.0,-0.3,79,1.2,-0.41
2026-05-01,East of England,426107,1.2,-0.1,66,421237,0.43,-0.88,69,419447,1.1,-0.2,76,414965,0.6,0.2,83,-0.8,
2026-06-01,East of England,422497,-0.8,-0.6,64,426107,1.2,-0.1,66,421237,0.43,-0.88,69,419447,1.1,-0.2,76,-0.7,
2026-07-01,East of England,419527,-0.7,-0.7,66,422497,-0.8,-0.6,64,426107,1.2,-0.1,66,421237,0.43,-0.88,69,,
2025-08-01,London,666983,-2.6,-1.6,66,,,,,,,,,,,,,1.2,0.31
2025-09-01,London,675074,1.2,-1.1,71,666983,-2.6,-1.6,66,,,,,,,,,1.5,-2.06
2025-10-01,London,685497,1.5,-1.4,70,675074,1.2,-1.1,71,666983,-2.6,-1.6,66,,,,,-2.4,-0.83
2025-11-01,London,669040,-2.4,-2.1,72,685497,1.5,-1.4,70,675074,1.2,-1.1,71,666983,-2.6,-1.6,66,-1.2,1.83
2025-12-01,London,661186,-1.2,0.0,78,669040,-2.4,-2.1,72,685497,1.5,-1.4,70,675074,1.2,-1.1,71,2.8,2.99
2026-01-01,London,679782,2.8,0.9,87,661186,-1.2,0.0,78,669040,-2.4,-2.1,72,685497,1.5,-1.4,70,0.2,0.05
2026-02-01,London,681292,0.2,-1.1,89,679782,2.8,0.9,87,661186,-1.2,0.0,78,669040,-2.4,-2.1,72,0.0,0.6
2026-03-01,London,680987,0.0,-2.1,80,681292,0.2,-1.1,89,679782,2.8,0.9,87,661186,-1.2,0.0,78,-0.12,0.89
2026-04-01,London,680147,-0.12,-2.72,74,680987,0.0,-2.1,80,681292,0.2,-1.1,89,679782,2.8,0.9,87,0.8,-0.57
2026-05-01,London,685347,0.8,-2.4,71,680147,-0.12,-2.72,74,680987,0.0,-2.1,80,681292,0.2,-1.1,89,0.3,
2026-06-01,London,687080,0.3,-1.2,68,685347,0.8,-2.4,71,680147,-0.12,-2.72,74,680987,0.0,-2.1,80,-1.6,
2026-07-01,London,676248,-1.6,-1.2,70,687080,0.3,-1.2,68,685347,0.8,-2.4,71,680147,-0.12,-2.72,74,,
2025-08-01,North East,194799,-1.0,1.1,52,,,,,,,,,,,,,0.0,-0.27
2025-09-01,North East,194737,0.0,0.5,54,194799,-1.0,1.1,52,,,,,,,,,0.01,-5.29
2025-10-01,North East,194822,0.01,1.1,54,194737,0.0,0.5,54,194799,-1.0,1.1,52,,,,,-0.3,1.25
2025-11-01,North East,194267,-0.3,2.4,55,194822,0.01,1.1,54,194737,0.0,0.5,54,194799,-1.0,1.1,52,-5.1,-0.88
2025-12-01,North East,184441,-5.1,-0.8,59,194267,-0.3,2.4,55,194822,0.01,1.1,54,194737,0.0,0.5,54,7.0,5.63
2026-01-01,North East,197264,7.0,3.4,64,184441,-5.1,-0.8,59,194267,-0.3,2.4,55,194822,0.01,1.1,54,-2.4,0.58
2026-02-01,North East,192566,-2.4,1.3,67,197264,7.0,3.4,64,184441,-5.1,-0.8,59,194267,-0.3,2.4,55,1.2,4.27
2026-03-01,North East,194832,1.2,0.6,60,192566,-2.4,1.3,67,197264,7.0,3.4,64,184441,-5.1,-0.8,59,1.84,3.11
2026-04-01,North East,198416,1.84,2.16,55,194832,1.2,0.6,60,192566,-2.4,1.3,67,197264,7.0,3.4,64,1.2,-0.77
2026-05-01,North East,200789,1.2,2.7,50,198416,1.84,2.16,55,194832,1.2,0.6,60,192566,-2.4,1.3,67,0.0,
2026-06-01,North East,200887,0.0,3.2,52,200789,1.2,2.7,50,198416,1.84,2.16,55,194832,1.2,0.6,60,-2.0,
2026-07-01,North East,196895,-2.0,0.0,53,200887,0.0,3.2,52,200789,1.2,2.7,50,198416,1.84,2.16,55,,
2025-08-01,North West,268393,-0.2,2.6,58,,,,,,,,,,,,,0.7,-1.38
2025-09-01,North West,270275,0.7,3.2,59,268393,-0.2,2.6,58,,,,,,,,,-0.9,-1.96
2025-10-01,North West,267902,-0.9,1.9,58,270275,0.7,3.2,59,268393,-0.2,2.6,58,,,,,-1.2,-0.54
2025-11-01,North West,264683,-1.2,1.9,61,267902,-0.9,1.9,58,270275,0.7,3.2,59,268393,-0.2,2.6,58,0.1,1.02
2025-12-01,North West,264971,0.1,2.6,65,264683,-1.2,1.9,61,267902,-0.9,1.9,58,270275,0.7,3.2,59,0.6,2.15
2026-01-01,North West,266463,0.6,2.9,68,264971,0.1,2.6,65,264683,-1.2,1.9,61,267902,-0.9,1.9,58,0.3,1.98
2026-02-01,North West,267375,0.3,2.9,74,266463,0.6,2.9,68,264971,0.1,2.6,65,264683,-1.2,1.9,61,1.2,3.59
2026-03-01,North West,270656,1.2,2.6,66,267375,0.3,2.9,74,266463,0.6,2.9,68,264971,0.1,2.6,65,0.4,1.38
2026-04-01,North West,271750,0.4,2.0,60,270656,1.2,2.6,66,267375,0.3,2.9,74,266463,0.6,2.9,68,1.9,1.26
2026-05-01,North West,276970,1.9,2.6,57,271750,0.4,2.0,60,270656,1.2,2.6,66,267375,0.3,2.9,74,-0.9,
2026-06-01,North West,274379,-0.9,0.7,57,276970,1.9,2.6,57,271750,0.4,2.0,60,270656,1.2,2.6,66,0.3,
2026-07-01,North West,275168,0.3,2.3,57,274379,-0.9,0.7,57,276970,1.9,2.6,57,271750,0.4,2.0,60,,
2025-08-01,Scotland,197620,-1.0,2.9,33,,,,,,,,,,,,,0.8,-1.81
2025-09-01,Scotland,199146,0.8,2.6,33,197620,-1.0,2.9,33,,,,,,,,,0.7,-5.65
2025-10-01,Scotland,200457,0.7,1.3,33,199146,0.8,2.6,33,197620,-1.0,2.9,33,,,,,-3.2,-6.64
2025-11-01,Scotland,194037,-3.2,0.4,34,200457,0.7,1.3,33,199146,0.8,2.6,33,197620,-1.0,2.9,33,-3.2,0.4
2025-12-01,Scotland,187900,-3.2,1.3,37,194037,-3.2,0.4,34,200457,0.7,1.3,33,199146,0.8,2.6,33,-0.4,6.19
2026-01-01,Scotland,187139,-0.4,1.7,42,187900,-3.2,1.3,37,194037,-3.2,0.4,34,200457,0.7,1.3,33,4.1,11.21
2026-02-01,Scotland,194815,4.1,2.3,50,187139,-0.4,1.7,42,187900,-3.2,1.3,37,194037,-3.2,0.4,34,2.4,5.42
2026-03-01,Scotland,199528,2.4,1.0,39,194815,4.1,2.3,50,187139,-0.4,1.7,42,187900,-3.2,1.3,37,4.31,3.75
2026-04-01,Scotland,208122,4.31,3.75,33,199528,2.4,1.0,39,194815,4.1,2.3,50,187139,-0.4,1.7,42,-1.3,-2.03
2026-05-01,Scotland,205368,-1.3,1.9,31,208122,4.31,3.75,33,199528,2.4,1.0,39,194815,4.1,2.3,50,0.8,
2026-06-01,Scotland,207011,0.8,3.3,31,205368,-1.3,1.9,31,208122,4.31,3.75,33,199528,2.4,1.0,39,-1.5,
2026-07-01,Scotland,203894,-1.5,2.2,29,207011,0.8,3.3,31,205368,-1.3,1.9,31,208122,4.31,3.75,33,,
2025-08-01,South East,479634,-1.4,-0.1,66,,,,,,,,,,,,,0.1,-2.58
2025-09-01,South East,479982,0.1,-0.7,69,479634,-1.4,-0.1,66,,,,,,,,,0.01,-5.32
2025-10-01,South East,479992,0.01,-0.8,71,479982,0.1,-0.7,69,479634,-1.4,-0.1,66,,,,,-2.7,-3.68
2025-11-01,South East,467271,-2.7,-0.9,70,479992,0.01,-0.8,71,479982,0.1,-0.7,69,479634,-1.4,-0.1,66,-2.7,0.58
2025-12-01,South East,454444,-2.7,-2.7,76,467271,-2.7,-0.9,70,479992,0.01,-0.8,71,479982,0.1,-0.7,69,1.7,4.88
2026-01-01,South East,462319,1.7,-1.6,83,454444,-2.7,-2.7,76,467271,-2.7,-0.9,70,479992,0.01,-0.8,71,1.7,4.38
2026-02-01,South East,469981,1.7,-0.9,85,462319,1.7,-1.6,83,454444,-2.7,-2.7,76,467271,-2.7,-0.9,70,1.4,4.17
2026-03-01,South East,476637,1.4,-1.1,78,469981,1.7,-0.9,85,462319,1.7,-1.6,83,454444,-2.7,-2.7,76,1.25,1.72
2026-04-01,South East,482573,1.25,-2.06,72,476637,1.4,-1.1,78,469981,1.7,-0.9,85,462319,1.7,-1.6,83,1.4,-0.58
2026-05-01,South East,489561,1.4,-1.6,67,482573,1.25,-2.06,72,476637,1.4,-1.1,78,469981,1.7,-0.9,85,-1.0,
2026-06-01,South East,484819,-1.0,-1.6,65,489561,1.4,-1.6,67,482573,1.25,-2.06,72,476637,1.4,-1.1,78,-1.0,
2026-07-01,South East,479784,-1.0,-1.4,67,484819,-1.0,-1.6,65,489561,1.4,-1.6,67,482573,1.25,-2.06,72,,
2025-08-01,South West,380492,-1.8,-0.8,69,,,,,,,,,,,,,0.5,-2.53
2025-09-01,South West,382531,0.5,-1.3,71,380492,-1.8,-0.8,69,,,,,,,,,-0.6,-5.08
2025-10-01,South West,380392,-0.6,-1.0,72,382531,0.5,-1.3,71,380492,-1.8,-0.8,69,,,,,-2.5,-2.81
2025-11-01,South West,370853,-2.5,-1.1,74,380392,-0.6,-1.0,72,382531,0.5,-1.3,71,380492,-1.8,-0.8,69,-2.1,0.18
2025-12-01,South West,363112,-2.1,-2.7,77,370853,-2.5,-1.1,74,380392,-0.6,-1.0,72,382531,0.5,-1.3,71,1.8,3.51
2026-01-01,South West,369713,1.8,-0.4,86,363112,-2.1,-2.7,77,370853,-2.5,-1.1,74,380392,-0.6,-1.0,72,0.5,4.88
2026-02-01,South West,371515,0.5,-1.5,89,369713,1.8,-0.4,86,363112,-2.1,-2.7,77,370853,-2.5,-1.1,74,1.2,4.91
2026-03-01,South West,375875,1.2,-1.8,81,371515,0.5,-1.5,89,369713,1.8,-0.4,86,363112,-2.1,-2.7,77,3.16,2.45
2026-04-01,South West,387771,3.16,-1.67,75,375875,1.2,-1.8,81,371515,0.5,-1.5,89,369713,1.8,-0.4,86,0.5,-0.96
2026-05-01,South West,389772,0.5,-2.2,68,387771,3.16,-1.67,75,375875,1.2,-1.8,81,371515,0.5,-1.5,89,-1.2,
2026-06-01,South West,385078,-1.2,-1.7,66,389772,0.5,-2.2,68,387771,3.16,-1.67,75,375875,1.2,-1.8,81,-0.3,
2026-07-01,South West,384036,-0.3,-0.9,69,385078,-1.2,-1.7,66,389772,0.5,-2.2,68,387771,3.16,-1.67,75,,
2025-08-01,Wales,270880,0.0,3.0,68,,,,,,,,,,,,,-1.2,-3.53
2025-09-01,Wales,267528,-1.2,0.9,72,270880,0.0,3.0,68,,,,,,,,,0.1,-4.39
2025-10-01,Wales,267838,0.1,1.8,74,267528,-1.2,0.9,72,270880,0.0,3.0,68,,,,,-2.4,-3.6
2025-11-01,Wales,261305,-2.4,0.5,71,267838,0.1,1.8,74,267528,-1.2,0.9,72,270880,0.0,3.0,68,-2.1,0.74
2025-12-01,Wales,255789,-2.1,-1.0,77,261305,-2.4,0.5,71,267838,0.1,1.8,74,267528,-1.2,0.9,72,0.9,4.04
2026-01-01,Wales,258194,0.9,-1.6,84,255789,-2.1,-1.0,77,261305,-2.4,0.5,71,267838,0.1,1.8,74,2.0,6.12
2026-02-01,Wales,263238,2.0,3.1,87,258194,0.9,-1.6,84,255789,-2.1,-1.0,77,261305,-2.4,0.5,71,1.1,4.79
2026-03-01,Wales,266119,1.1,1.3,85,263238,2.0,3.1,87,258194,0.9,-1.6,84,255789,-2.1,-1.0,77,2.96,2.01
2026-04-01,Wales,274007,2.96,1.93,79,266119,1.1,1.3,85,263238,2.0,3.1,87,258194,0.9,-1.6,84,0.7,-0.72
2026-05-01,Wales,275836,0.7,1.7,71,274007,2.96,1.93,79,266119,1.1,1.3,85,263238,2.0,3.1,87,-1.6,
2026-06-01,Wales,271459,-1.6,-0.3,66,275836,0.7,1.7,71,274007,2.96,1.93,79,266119,1.1,1.3,85,0.2,
2026-07-01,Wales,272021,0.2,0.4,66,271459,-1.6,-0.3,66,275836,0.7,1.7,71,274007,2.96,1.93,79,,
2025-08-01,West Midlands,295863,-0.4,1.8,59,,,,,,,,,,,,,-0.7,-1.37
2025-09-01,West Midlands,293645,-0.7,-0.1,63,295863,-0.4,1.8,59,,,,,,,,,0.6,-2.1
2025-10-01,West Midlands,295474,0.6,1.0,64,293645,-0.7,-0.1,63,295863,-0.4,1.8,59,,,,,-1.2,-1.37
2025-11-01,West Midlands,291818,-1.2,1.3,66,295474,0.6,1.0,64,293645,-0.7,-0.1,63,295863,-0.4,1.8,59,-1.5,0.34
2025-12-01,West Midlands,287468,-1.5,1.3,67,291818,-1.2,1.3,66,295474,0.6,1.0,64,293645,-0.7,-0.1,63,1.4,2.38
2026-01-01,West Midlands,291422,1.4,1.2,75,287468,-1.5,1.3,67,291818,-1.2,1.3,66,295474,0.6,1.0,64,0.5,2.65
2026-02-01,West Midlands,292796,0.5,1.3,82,291422,1.4,1.2,75,287468,-1.5,1.3,67,291818,-1.2,1.3,66,0.5,3.88
2026-03-01,West Midlands,294302,0.5,1.1,71,292796,0.5,1.3,82,291422,1.4,1.2,75,287468,-1.5,1.3,67,1.65,3.23
2026-04-01,West Midlands,299150,1.65,1.21,66,294302,0.5,1.1,71,292796,0.5,1.3,82,291422,1.4,1.2,75,1.7,0.47
2026-05-01,West Midlands,304166,1.7,0.5,61,299150,1.65,1.21,66,294302,0.5,1.1,71,292796,0.5,1.3,82,-0.1,
2026-06-01,West Midlands,303805,-0.1,1.3,59,304166,1.7,0.5,61,299150,1.65,1.21,66,294302,0.5,1.1,71,-1.1,
2026-07-01,West Midlands,300564,-1.1,1.2,62,303805,-0.1,1.3,59,304166,1.7,0.5,61,299150,1.65,1.21,66,,
2025-08-01,Yorkshire and The Humber,253762,-1.9,0.4,63,,,,,,,,,,,,,1.9,-1.56
2025-09-01,Yorkshire and The Humber,258568,1.9,2.0,66,253762,-1.9,0.4,63,,,,,,,,,-1.1,-5.18
2025-10-01,Yorkshire and The Humber,255830,-1.1,1.9,66,258568,1.9,2.0,66,253762,-1.9,0.4,63,,,,,-2.4,-2.74
2025-11-01,Yorkshire and The Humber,249810,-2.4,0.01,68,255830,-1.1,1.9,66,258568,1.9,2.0,66,253762,-1.9,0.4,63,-1.9,1.63
2025-12-01,Yorkshire and The Humber,245178,-1.9,0.7,70,249810,-2.4,0.01,68,255830,-1.1,1.9,66,258568,1.9,2.0,66,1.5,4.22
2026-01-01,Yorkshire and The Humber,248821,1.5,1.3,75,245178,-1.9,0.7,70,249810,-2.4,0.01,68,255830,-1.1,1.9,66,2.0,4.02
2026-02-01,Yorkshire and The Humber,253889,2.0,0.9,80,248821,1.5,1.3,75,245178,-1.9,0.7,70,249810,-2.4,0.01,68,0.6,2.7
2026-03-01,Yorkshire and The Humber,255529,0.6,1.0,76,253889,2.0,0.9,80,248821,1.5,1.3,75,245178,-1.9,0.7,70,1.28,1.38
2026-04-01,Yorkshire and The Humber,258812,1.28,1.05,69,255529,0.6,1.0,76,253889,2.0,0.9,80,248821,1.5,1.3,75,0.7,0.35
2026-05-01,Yorkshire and The Humber,260739,0.7,1.0,62,258812,1.28,1.05,69,255529,0.6,1.0,76,253889,2.0,0.9,80,-0.6,
2026-06-01,Yorkshire and The Humber,259064,-0.6,0.1,62,260739,0.7,1.0,62,258812,1.28,1.05,69,255529,0.6,1.0,76,0.3,
2026-07-01,Yorkshire and The Humber,259730,0.3,0.4,62,259064,-0.6,0.1,62,260739,0.7,1.0,62,258812,1.28,1.05,69,,
