address,postcode,area,property_type,bedrooms,tenure,sale_date,sold_price_gbp,metric,aggregation,source,collected_as_of
6 Spreadbury Street Manchester M40 9DR,M40 9DR,Manchester,terraced,6,freehold,2026-04-30,150000,sold_price,transaction,rightmove_via_hm_land_registry,2026-08-09
3 Ninfield Road Manchester M23 2ZG,M23 2ZG,Manchester,semi-detached,22,freehold,2026-04-27,235000,sold_price,transaction,rightmove_via_hm_land_registry,2026-08-09
71 Petworth Close Manchester M22 4YR,M22 4YR,Manchester,terraced,9,leasehold,2026-04-27,219000,sold_price,transaction,rightmove_via_hm_land_registry,2026-08-09
2 Hollydene Cottage Bibby Lane Manchester M19 1GQ,M19 1GQ,Manchester,semi-detached,23,freehold,2026-04-27,295000,sold_price,transaction,rightmove_via_hm_land_registry,2026-08-09
14 Mossdale Road Manchester M23 0NG,M23 0NG,Manchester,semi-detached,20,freehold,2026-04-24,355000,sold_price,transaction,rightmove_via_hm_land_registry,2026-08-09
Flat 39 Burford Court Cotterdale Close Manchester M16 8EA,M16 8EA,Manchester,flat,9,leasehold,2026-04-24,145000,sold_price,transaction,rightmove_via_hm_land_registry,2026-08-09
34 Sheringham Drive Manchester M27 5QE,M27 5QE,Manchester,semi-detached,21,freehold,2026-04-24,325000,sold_price,transaction,rightmove_via_hm_land_registry,2026-08-09
13 Brocklebank Road Manchester M14 6EL,M14 6EL,Manchester,semi-detached,20,freehold,2026-04-22,370000,sold_price,transaction,rightmove_via_hm_land_registry,2026-08-09
36 Every Street Manchester M4 7DN,M4 7DN,Manchester,terraced,17,freehold,2026-04-22,295000,sold_price,transaction,rightmove_via_hm_land_registry,2026-08-09
Apartment 105 3 Barton Place Hornbeam Way Manchester M4 4AT,M4 4AT,Manchester,flat,6,leasehold,2026-04-21,150000,sold_price,transaction,rightmove_via_hm_land_registry,2026-08-09
8 Branksome Road Heaton Mersey Stockport SK4 2AG,SK4 2AG,Manchester,semi-detached,24,leasehold,2026-04-21,308250,sold_price,transaction,rightmove_via_hm_land_registry,2026-08-09
6 Dorris Street Manchester M19 2TP,M19 2TP,Manchester,terraced,14,freehold,2026-04-21,220000,sold_price,transaction,rightmove_via_hm_land_registry,2026-08-09
21 Henshaw Street Manchester M32 8BT,M32 8BT,Manchester,terraced,25,leasehold,2026-04-21,295000,sold_price,transaction,rightmove_via_hm_land_registry,2026-08-09
Flat 3 118 The Highlands Edge Lane Manchester M32 8PX,M32 8PX,Manchester,flat,15,leasehold,2026-04-21,135000,sold_price,transaction,rightmove_via_hm_land_registry,2026-08-09
Flat 152 1 Isaac Way Manchester M4 7EE,M4 7EE,Manchester,flat,15,leasehold,2026-04-21,230000,sold_price,transaction,rightmove_via_hm_land_registry,2026-08-09
Flat 15 Island House Three Mill Lane Stratford London E3 3AF,E3 3AF,London,flat,,leasehold,2026-04-30,150000,sold_price,transaction,rightmove_via_hm_land_registry,2026-08-09
79 Selsdon Road South Croydon CR2 6PZ,CR2 6PZ,London,semi-detached,18,freehold,2026-04-30,480000,sold_price,transaction,rightmove_via_hm_land_registry,2026-08-09
132 Grosvenor Avenue Hayes UB4 8NP,UB4 8NP,London,flat,11,leasehold,2026-04-30,340000,sold_price,transaction,rightmove_via_hm_land_registry,2026-08-09
1159 Newham Way East Ham London E6 5JJ,E6 5JJ,London,terraced,19,freehold,2026-04-30,450000,sold_price,transaction,rightmove_via_hm_land_registry,2026-08-09
196a High Street Hornchurch RM12 6QP,RM12 6QP,London,flat,35,leasehold,2026-04-30,203000,sold_price,transaction,rightmove_via_hm_land_registry,2026-08-09
19 Forest Road Enfield EN3 6ST,EN3 6ST,London,flat,,leasehold,2026-04-30,185000,sold_price,transaction,rightmove_via_hm_land_registry,2026-08-09
Flat 6 175 Merton Road South Wimbledon London SW19 1EE,SW19 1EE,London,flat,9,leasehold,2026-04-29,325000,sold_price,transaction,rightmove_via_hm_land_registry,2026-08-09
38 Stanhope Road Barnet EN5 2QN,EN5 2QN,London,semi-detached,11,freehold,2026-04-29,750000,sold_price,transaction,rightmove_via_hm_land_registry,2026-08-09
15 Celestial Gardens London SE13 5RP,SE13 5RP,London,flat,12,leasehold,2026-04-29,200000,sold_price,transaction,rightmove_via_hm_land_registry,2026-08-09
137a Mount Pleasant Road London SE13 6HX,SE13 6HX,London,flat,6,leasehold,2026-04-28,380000,sold_price,transaction,rightmove_via_hm_land_registry,2026-08-09
7 Epping Court Highwood Close London SE22 8NJ,SE22 8NJ,London,flat,11,leasehold,2026-04-28,275000,sold_price,transaction,rightmove_via_hm_land_registry,2026-08-09
Apartment 17 1 Gaumont Place London SW2 4FX,SW2 4FX,London,flat,22,leasehold,2026-04-28,500000,sold_price,transaction,rightmove_via_hm_land_registry,2026-08-09
52 Croham Valley Road South Croydon CR2 7NB,CR2 7NB,London,detached,20,freehold,2026-04-28,865000,sold_price,transaction,rightmove_via_hm_land_registry,2026-08-09
Flat A 1 Springdale Road Hackney London N16 9NS,N16 9NS,London,flat,,leasehold,2026-04-28,859649,sold_price,transaction,rightmove_via_hm_land_registry,2026-08-09
12 7 Graham Court Myers Lane London SE14 5RX,SE14 5RX,London,flat,13,leasehold,2026-04-28,195000,sold_price,transaction,rightmove_via_hm_land_registry,2026-08-09
40 Burnham Road Birmingham B47 6AT,B47 6AT,Birmingham,terraced,11,freehold,2026-04-29,270000,sold_price,transaction,rightmove_via_hm_land_registry,2026-08-09
12 Aldershaw Road Birmingham B26 1HJ,B26 1HJ,Birmingham,semi-detached,21,freehold,2026-04-28,282500,sold_price,transaction,rightmove_via_hm_land_registry,2026-08-09
123 Calshot Road Birmingham B42 2BZ,B42 2BZ,Birmingham,semi-detached,14,freehold,2026-04-27,230000,sold_price,transaction,rightmove_via_hm_land_registry,2026-08-09
157 Oldfield Road Birmingham B12 8TJ,B12 8TJ,Birmingham,terraced,12,freehold,2026-04-27,187500,sold_price,transaction,rightmove_via_hm_land_registry,2026-08-09
11 Coney Green Drive Birmingham B31 4DP,B31 4DP,Birmingham,terraced,16,freehold,2026-04-24,229000,sold_price,transaction,rightmove_via_hm_land_registry,2026-08-09
56 Highfield Road Hall Green Birmingham B28 0HW,B28 0HW,Birmingham,terraced,18,freehold,2026-04-24,410000,sold_price,transaction,rightmove_via_hm_land_registry,2026-08-09
46 Southfield Avenue Castle Bromwich Birmingham B36 9AX,B36 9AX,Birmingham,semi-detached,19,freehold,2026-04-24,340000,sold_price,transaction,rightmove_via_hm_land_registry,2026-08-09
246 Groveley Lane Northfield Birmingham B31 4QD,B31 4QD,Birmingham,terraced,13,freehold,2026-04-24,195000,sold_price,transaction,rightmove_via_hm_land_registry,2026-08-09
1 High Meadow Road Birmingham B38 9AP,B38 9AP,Birmingham,terraced,26,freehold,2026-04-24,268000,sold_price,transaction,rightmove_via_hm_land_registry,2026-08-09
32 Legging Road Birmingham B38 9ER,B38 9ER,Birmingham,terraced,23,freehold,2026-04-24,280000,sold_price,transaction,rightmove_via_hm_land_registry,2026-08-09
14 1540 Beech Court Bristol Road South Longbridge Birmingham B45 9TY,B45 9TY,Birmingham,flat,11,leasehold,2026-04-24,80000,sold_price,transaction,rightmove_via_hm_land_registry,2026-08-09
6 St Agnes Road Birmingham B13 9PP,B13 9PP,Birmingham,flat,16,leasehold,2026-04-24,195000,sold_price,transaction,rightmove_via_hm_land_registry,2026-08-09
25 Lady Bracknell Mews Birmingham B31 2FD,B31 2FD,Birmingham,semi-detached,39,freehold,2026-04-24,195000,sold_price,transaction,rightmove_via_hm_land_registry,2026-08-09
515 Kingsbury Road Tyburn Birmingham B24 9NJ,B24 9NJ,Birmingham,semi-detached,17,freehold,2026-04-24,295000,sold_price,transaction,rightmove_via_hm_land_registry,2026-08-09
23 Westfield Road Moseley And Kings Heath Birmingham B14 7SX,B14 7SX,Birmingham,terraced,34,freehold,2026-04-24,400000,sold_price,transaction,rightmove_via_hm_land_registry,2026-08-09
2 Abbeydale Vale Kirkstall Leeds LS5 3RD,LS5 3RD,Leeds,detached,16,freehold,2026-04-30,295000,sold_price,transaction,rightmove_via_hm_land_registry,2026-08-09
17 Brackenhurst Drive Moortown Leeds LS17 6WE,LS17 6WE,Leeds,flat,11,leasehold,2026-04-28,180000,sold_price,transaction,rightmove_via_hm_land_registry,2026-08-09
1 Peasehill Close Rawdon Leeds LS19 6EF,LS19 6EF,Leeds,detached,36,freehold,2026-04-27,485000,sold_price,transaction,rightmove_via_hm_land_registry,2026-08-09
2 The Oaks Middleton Leeds LS10 4GZ,LS10 4GZ,Leeds,detached,20,freehold,2026-04-27,345000,sold_price,transaction,rightmove_via_hm_land_registry,2026-08-09
41 Savile Place Chapeltown Leeds LS7 3EP,LS7 3EP,Leeds,terraced,,freehold,2026-04-27,195000,sold_price,transaction,rightmove_via_hm_land_registry,2026-08-09
6 8 Normington House Towler Drive Rodley Leeds LS13 1PB,LS13 1PB,Leeds,flat,12,leasehold,2026-04-24,161000,sold_price,transaction,rightmove_via_hm_land_registry,2026-08-09
3 Woodbridge Gardens Headingley Leeds LS6 3LW,LS6 3LW,Leeds,semi-detached,19,freehold,2026-04-24,207000,sold_price,transaction,rightmove_via_hm_land_registry,2026-08-09
30 St Chads Avenue Headingley Leeds LS6 3QF,LS6 3QF,Leeds,semi-detached,17,freehold,2026-04-24,475000,sold_price,transaction,rightmove_via_hm_land_registry,2026-08-09
604 Echo Central Two Cross Green Lane Cross Green Leeds LS9 8NR,LS9 8NR,Leeds,flat,13,leasehold,2026-04-24,137500,sold_price,transaction,rightmove_via_hm_land_registry,2026-08-09
31 King George Croft Leeds LS27 8LJ,LS27 8LJ,Leeds,detached,24,freehold,2026-04-24,298000,sold_price,transaction,rightmove_via_hm_land_registry,2026-08-09
24 Lakeside Chase Rawdon Leeds LS19 6RL,LS19 6RL,Leeds,terraced,18,freehold,2026-04-24,325000,sold_price,transaction,rightmove_via_hm_land_registry,2026-08-09
168 Pontefract Lane Richmond Hill Leeds LS9 8QJ,LS9 8QJ,Leeds,terraced,8,freehold,2026-04-24,115000,sold_price,transaction,rightmove_via_hm_land_registry,2026-08-09
128 Town Street Armley Leeds LS12 3JG,LS12 3JG,Leeds,terraced,20,freehold,2026-04-24,147000,sold_price,transaction,rightmove_via_hm_land_registry,2026-08-09
10 Green Hill Gardens Wortley Leeds LS12 4HE,LS12 4HE,Leeds,semi-detached,26,freehold,2026-04-24,220000,sold_price,transaction,rightmove_via_hm_land_registry,2026-08-09
20 Owlcotes Road Pudsey LS28 7PB,LS28 7PB,Leeds,semi-detached,21,freehold,2026-04-24,295000,sold_price,transaction,rightmove_via_hm_land_registry,2026-08-09
33 Walnut Crescent Bristol BS15 4HX,BS15 4HX,Bristol,semi-detached,12,freehold,2026-04-27,320000,sold_price,transaction,rightmove_via_hm_land_registry,2026-08-09
40 Fairway Brislington Bristol BS4 5DF,BS4 5DF,Bristol,semi-detached,21,freehold,2026-04-27,655000,sold_price,transaction,rightmove_via_hm_land_registry,2026-08-09
35 Shepton Walk Bedminster Bristol BS3 5NU,BS3 5NU,Bristol,terraced,23,freehold,2026-04-24,435000,sold_price,transaction,rightmove_via_hm_land_registry,2026-08-09
17 Thicket Road Fishponds Bristol BS16 4LW,BS16 4LW,Bristol,terraced,33,freehold,2026-04-24,427500,sold_price,transaction,rightmove_via_hm_land_registry,2026-08-09
14 Manilla Road Clifton Bristol BS8 4ED,BS8 4ED,Bristol,flat,15,leasehold,2026-04-24,410000,sold_price,transaction,rightmove_via_hm_land_registry,2026-08-09
24 Coronation Avenue Fishponds Bristol BS16 3TS,BS16 3TS,Bristol,terraced,23,freehold,2026-04-24,360000,sold_price,transaction,rightmove_via_hm_land_registry,2026-08-09
78 Vicarage Road Easton Bristol BS5 9AF,BS5 9AF,Bristol,terraced,29,freehold,2026-04-24,400000,sold_price,transaction,rightmove_via_hm_land_registry,2026-08-09
39 Materman Road Stockwood Bristol BS14 8ST,BS14 8ST,Bristol,semi-detached,,freehold,2026-04-24,350000,sold_price,transaction,rightmove_via_hm_land_registry,2026-08-09
231 Soundwell Road Bristol BS15 1PW,BS15 1PW,Bristol,terraced,21,freehold,2026-04-24,285000,sold_price,transaction,rightmove_via_hm_land_registry,2026-08-09
45 Pool Road Bristol BS15 1XN,BS15 1XN,Bristol,semi-detached,24,freehold,2026-04-24,390000,sold_price,transaction,rightmove_via_hm_land_registry,2026-08-09
14 Cedar Park Stoke Bishop Bristol BS9 1BW,BS9 1BW,Bristol,semi-detached,17,freehold,2026-04-23,750000,sold_price,transaction,rightmove_via_hm_land_registry,2026-08-09
12 Mansell Street Patchway BS34 4AH,BS34 4AH,Bristol,terraced,17,freehold,2026-04-23,555000,sold_price,transaction,rightmove_via_hm_land_registry,2026-08-09
15 Maywood Avenue Fishponds Bristol BS16 4AN,BS16 4AN,Bristol,terraced,17,freehold,2026-04-23,320000,sold_price,transaction,rightmove_via_hm_land_registry,2026-08-09
162 Longmead Avenue Bishopston Bristol BS7 8QQ,BS7 8QQ,Bristol,terraced,16,freehold,2026-04-22,600000,sold_price,transaction,rightmove_via_hm_land_registry,2026-08-09
Flat 41 Allen House Arthur Milton Street Bishopston Bristol BS7 9EY,BS7 9EY,Bristol,flat,,leasehold,2026-04-22,375000,sold_price,transaction,rightmove_via_hm_land_registry,2026-08-09
Flat 15 1 Meggetland View Slateford Edinburgh EH14 1XS,EH14 1XS,Edinburgh,flat,12,,2026-04-30,285000,sold_price,transaction,rightmove_via_hm_land_registry,2026-08-09
Flat 26 1 Drybrough Crescent Craigmillar Edinburgh EH16 4FB,EH16 4FB,Edinburgh,flat,17,,2026-04-30,210000,sold_price,transaction,rightmove_via_hm_land_registry,2026-08-09
15 Blackford Road Edinburgh EH9 2DT,EH9 2DT,Edinburgh,detached,47,,2026-04-30,1710000,sold_price,transaction,rightmove_via_hm_land_registry,2026-08-09
1f1 17 Millar Crescent Morningside Edinburgh EH10 5HN,EH10 5HN,Edinburgh,flat,32,,2026-04-30,420500,sold_price,transaction,rightmove_via_hm_land_registry,2026-08-09
Flat 47 31 Liberton Road Mayfield Edinburgh EH16 6AH,EH16 6AH,Edinburgh,flat,,,2026-04-30,340000,sold_price,transaction,rightmove_via_hm_land_registry,2026-08-09
Flat 2 197 Craigs Road North Gyle Edinburgh EH12 0AJ,EH12 0AJ,Edinburgh,terraced,,,2026-04-30,275000,sold_price,transaction,rightmove_via_hm_land_registry,2026-08-09
Flat 5 2 Lady Nairne Crescent Duddingston Edinburgh EH8 7PF,EH8 7PF,Edinburgh,flat,15,,2026-04-30,168000,sold_price,transaction,rightmove_via_hm_land_registry,2026-08-09
Flat 27 8 Simpson Loan Southside Edinburgh EH3 9GS,EH3 9GS,Edinburgh,flat,24,,2026-04-30,310000,sold_price,transaction,rightmove_via_hm_land_registry,2026-08-09
1f2 71 Cumberland Street Stockbridge Edinburgh EH3 6RD,EH3 6RD,Edinburgh,flat,19,,2026-04-30,620000,sold_price,transaction,rightmove_via_hm_land_registry,2026-08-09
Flat 13 165 Slateford Road Slateford Edinburgh EH14 1PD,EH14 1PD,Edinburgh,flat,22,,2026-04-30,285000,sold_price,transaction,rightmove_via_hm_land_registry,2026-08-09
1f3 22 Orwell Place Dalry Edinburgh EH11 2AF,EH11 2AF,Edinburgh,flat,29,,2026-04-30,242500,sold_price,transaction,rightmove_via_hm_land_registry,2026-08-09
25 Craighall Crescent Trinity Edinburgh EH6 4SL,EH6 4SL,Edinburgh,semi-detached,13,,2026-04-30,455000,sold_price,transaction,rightmove_via_hm_land_registry,2026-08-09
Flat 1 39 Watson Crescent Polwarth Edinburgh EH11 1ER,EH11 1ER,Edinburgh,flat,10,,2026-04-30,192000,sold_price,transaction,rightmove_via_hm_land_registry,2026-08-09
6 Alnwickhill Court Alnwickhill Edinburgh EH16 6YG,EH16 6YG,Edinburgh,terraced,22,,2026-04-30,235000,sold_price,transaction,rightmove_via_hm_land_registry,2026-08-09
11 Caiystane Hill Caiystane Edinburgh EH10 6SX,EH10 6SX,Edinburgh,detached,22,,2026-04-30,450000,sold_price,transaction,rightmove_via_hm_land_registry,2026-08-09
14 Sark Road Liverpool L13 6QU,L13 6QU,Liverpool,terraced,16,freehold,2026-04-27,135000,sold_price,transaction,rightmove_via_hm_land_registry,2026-08-09
11 Foxdale Road Liverpool L15 5AL,L15 5AL,Liverpool,terraced,11,freehold,2026-04-27,225000,sold_price,transaction,rightmove_via_hm_land_registry,2026-08-09
2 St Dunstans Grove Bootle L30 2NH,L30 2NH,Liverpool,terraced,21,freehold,2026-04-24,155000,sold_price,transaction,rightmove_via_hm_land_registry,2026-08-09
2 The Serpentine Liverpool L19 9DT,L19 9DT,Liverpool,semi-detached,34,freehold,2026-04-24,670000,sold_price,transaction,rightmove_via_hm_land_registry,2026-08-09
12 Alundale Court Clairville Close Bootle L20 7HJ,L20 7HJ,Liverpool,flat,11,leasehold,2026-04-24,71500,sold_price,transaction,rightmove_via_hm_land_registry,2026-08-09
22 Lancaster Avenue Liverpool L17 3AZ,L17 3AZ,Liverpool,terraced,42,freehold,2026-04-24,675000,sold_price,transaction,rightmove_via_hm_land_registry,2026-08-09
87 Longridge Drive Bootle L30 1RA,L30 1RA,Liverpool,semi-detached,21,leasehold,2026-04-24,207000,sold_price,transaction,rightmove_via_hm_land_registry,2026-08-09
4 Redington Road Liverpool L19 4UD,L19 4UD,Liverpool,semi-detached,17,leasehold,2026-04-24,357000,sold_price,transaction,rightmove_via_hm_land_registry,2026-08-09
11 Ling Street Liverpool L7 2QE,L7 2QE,Liverpool,terraced,14,freehold,2026-04-24,250000,sold_price,transaction,rightmove_via_hm_land_registry,2026-08-09
70 Maiden Lane Liverpool L13 9AW,L13 9AW,Liverpool,terraced,42,freehold,2026-04-24,200000,sold_price,transaction,rightmove_via_hm_land_registry,2026-08-09
38 Goswell Street Liverpool L15 4JU,L15 4JU,Liverpool,terraced,18,freehold,2026-04-24,125000,sold_price,transaction,rightmove_via_hm_land_registry,2026-08-09
49 Elstead Road Liverpool L9 6BD,L9 6BD,Liverpool,terraced,12,freehold,2026-04-22,140000,sold_price,transaction,rightmove_via_hm_land_registry,2026-08-09
193 Liverpool Road Liverpool L23 0RX,L23 0RX,Liverpool,semi-detached,28,freehold,2026-04-22,375000,sold_price,transaction,rightmove_via_hm_land_registry,2026-08-09
8 Haileybury Avenue Liverpool L10 6LP,L10 6LP,Liverpool,semi-detached,29,freehold,2026-04-21,295000,sold_price,transaction,rightmove_via_hm_land_registry,2026-08-09
61 Colebrooke Road Liverpool L17 7BY,L17 7BY,Liverpool,terraced,13,freehold,2026-04-21,385000,sold_price,transaction,rightmove_via_hm_land_registry,2026-08-09
54 Longford Road Sheffield S17 4LQ,S17 4LQ,Sheffield,semi-detached,31,freehold,2026-04-27,382000,sold_price,transaction,rightmove_via_hm_land_registry,2026-08-09
15 Ibbotson Road Sheffield S6 5AD,S6 5AD,Sheffield,terraced,,freehold,2026-04-27,225000,sold_price,transaction,rightmove_via_hm_land_registry,2026-08-09
45 Queen Victoria Road Sheffield S17 4HT,S17 4HT,Sheffield,semi-detached,25,freehold,2026-04-27,322000,sold_price,transaction,rightmove_via_hm_land_registry,2026-08-09
10 Frederick Street Catcliffe Rotherham S60 5SY,S60 5SY,Sheffield,terraced,11,freehold,2026-04-24,121500,sold_price,transaction,rightmove_via_hm_land_registry,2026-08-09
20 Stead Street Sheffield S21 4FY,S21 4FY,Sheffield,semi-detached,10,freehold,2026-04-24,220000,sold_price,transaction,rightmove_via_hm_land_registry,2026-08-09
85 Headford Gardens Sheffield S3 7XB,S3 7XB,Sheffield,flat,10,leasehold,2026-04-23,100000,sold_price,transaction,rightmove_via_hm_land_registry,2026-08-09
11 Fanshaw Avenue Sheffield S21 4HU,S21 4HU,Sheffield,semi-detached,20,freehold,2026-04-23,220000,sold_price,transaction,rightmove_via_hm_land_registry,2026-08-09
31 Peveril Road Sheffield S11 7AP,S11 7AP,Sheffield,terraced,21,leasehold,2026-04-21,318000,sold_price,transaction,rightmove_via_hm_land_registry,2026-08-09
21 Doveholes Drive Sheffield S13 9DR,S13 9DR,Sheffield,semi-detached,24,freehold,2026-04-21,265000,sold_price,transaction,rightmove_via_hm_land_registry,2026-08-09
1 Willbury Drive Sheffield S12 2TG,S12 2TG,Sheffield,semi-detached,,leasehold,2026-04-20,218000,sold_price,transaction,rightmove_via_hm_land_registry,2026-08-09
156 Standon Road Sheffield S9 1PH,S9 1PH,Sheffield,terraced,15,leasehold,2026-04-17,115000,sold_price,transaction,rightmove_via_hm_land_registry,2026-08-09
40 Walford Road Sheffield S21 1HX,S21 1HX,Sheffield,terraced,20,freehold,2026-04-17,213500,sold_price,transaction,rightmove_via_hm_land_registry,2026-08-09
Apartment 19 64 Ashton Point Upper Allen Street Sheffield S3 7GN,S3 7GN,Sheffield,flat,16,leasehold,2026-04-17,100000,sold_price,transaction,rightmove_via_hm_land_registry,2026-08-09
106 Newman Road Sheffield S9 1LS,S9 1LS,Sheffield,terraced,14,freehold,2026-04-17,140000,sold_price,transaction,rightmove_via_hm_land_registry,2026-08-09
44 Stanley Road Burncross Sheffield S35 2XS,S35 2XS,Sheffield,detached,24,freehold,2026-04-17,457500,sold_price,transaction,rightmove_via_hm_land_registry,2026-08-09
7 Cambria Mews Nottingham NG3 4GZ,NG3 4GZ,Nottingham,terraced,1,freehold,2026-04-24,101250,sold_price,transaction,rightmove_via_hm_land_registry,2026-08-09
11 Anderson Court Whitcombe Gardens Nottingham NG5 9EQ,NG5 9EQ,Nottingham,flat,11,leasehold,2026-04-21,49950,sold_price,transaction,rightmove_via_hm_land_registry,2026-08-09
Flat 2 43 Burns Street Nottingham NG7 4DS,NG7 4DS,Nottingham,flat,11,leasehold,2026-04-21,154000,sold_price,transaction,rightmove_via_hm_land_registry,2026-08-09
5 Wordsworth Road Nottingham NG7 5QU,NG7 5QU,Nottingham,terraced,14,freehold,2026-04-20,150000,sold_price,transaction,rightmove_via_hm_land_registry,2026-08-09
174a Birkin Avenue Nottingham NG7 5GH,NG7 5GH,Nottingham,semi-detached,2,freehold,2026-04-20,165000,sold_price,transaction,rightmove_via_hm_land_registry,2026-08-09
Flat 5 The Wedge Vernon Road Nottingham NG6 0AU,NG6 0AU,Nottingham,flat,9,leasehold,2026-04-17,92950,sold_price,transaction,rightmove_via_hm_land_registry,2026-08-09
11 Turnberry Road Nottingham NG6 9LY,NG6 9LY,Nottingham,semi-detached,16,freehold,2026-04-17,170000,sold_price,transaction,rightmove_via_hm_land_registry,2026-08-09
75 Hamilton Road Nottingham NG5 1AU,NG5 1AU,Nottingham,terraced,17,freehold,2026-04-17,177000,sold_price,transaction,rightmove_via_hm_land_registry,2026-08-09
8 Cannon Street Nottingham NG5 2HB,NG5 2HB,Nottingham,semi-detached,14,freehold,2026-04-17,285000,sold_price,transaction,rightmove_via_hm_land_registry,2026-08-09
22 Kinlet Road Nottingham NG5 5JT,NG5 5JT,Nottingham,semi-detached,19,freehold,2026-04-17,175000,sold_price,transaction,rightmove_via_hm_land_registry,2026-08-09
6 Edgware Road Nottingham NG6 9HW,NG6 9HW,Nottingham,terraced,9,freehold,2026-04-17,106500,sold_price,transaction,rightmove_via_hm_land_registry,2026-08-09
59 Marshall Hill Drive Nottingham NG3 6FQ,NG3 6FQ,Nottingham,detached,25,freehold,2026-04-16,415000,sold_price,transaction,rightmove_via_hm_land_registry,2026-08-09
26 Verder Grove Nottingham NG5 9BH,NG5 9BH,Nottingham,semi-detached,12,freehold,2026-04-16,155000,sold_price,transaction,rightmove_via_hm_land_registry,2026-08-09
26a Bentley Avenue Nottingham NG3 7AX,NG3 7AX,Nottingham,detached,25,freehold,2026-04-16,265000,sold_price,transaction,rightmove_via_hm_land_registry,2026-08-09
20 Bowlwell Avenue Nottingham NG5 9HX,NG5 9HX,Nottingham,terraced,27,freehold,2026-04-15,220000,sold_price,transaction,rightmove_via_hm_land_registry,2026-08-09
126 Craddock Street Riverside Cardiff CF11 6EY,CF11 6EY,Cardiff,terraced,32,freehold,2026-04-27,131147,sold_price,transaction,rightmove_via_hm_land_registry,2026-08-09
103 Colchester Avenue Penylan Cardiff CF23 9AY,CF23 9AY,Cardiff,terraced,21,freehold,2026-04-24,250000,sold_price,transaction,rightmove_via_hm_land_registry,2026-08-09
20 Handley Road Splott Cardiff CF24 2HF,CF24 2HF,Cardiff,terraced,11,freehold,2026-04-24,220000,sold_price,transaction,rightmove_via_hm_land_registry,2026-08-09
47 Westbourne Road Whitchurch Cardiff CF14 2BR,CF14 2BR,Cardiff,semi-detached,29,freehold,2026-04-24,425000,sold_price,transaction,rightmove_via_hm_land_registry,2026-08-09
183 King&#x27;s Road Pontcanna Cardiff CF11 9DF,CF11 9DF,Cardiff,terraced,20,freehold,2026-04-23,350000,sold_price,transaction,rightmove_via_hm_land_registry,2026-08-09
37 Hansen Court Heol Glan Rheidol Butetown Cardiff CF10 5NX,CF10 5NX,Cardiff,flat,14,leasehold,2026-04-23,150000,sold_price,transaction,rightmove_via_hm_land_registry,2026-08-09
13 Mostyn Road Ely Cardiff CF5 4QE,CF5 4QE,Cardiff,terraced,17,freehold,2026-04-22,140000,sold_price,transaction,rightmove_via_hm_land_registry,2026-08-09
15 Armoury Drive Heath Cardiff CF14 4NP,CF14 4NP,Cardiff,detached,32,freehold,2026-04-22,242000,sold_price,transaction,rightmove_via_hm_land_registry,2026-08-09
9 Gwern Catherine Creigiau Cardiff CF5 6GD,CF5 6GD,Cardiff,terraced,18,freehold,2026-04-21,215000,sold_price,transaction,rightmove_via_hm_land_registry,2026-08-09
170 Moorland Road Splott Cardiff CF24 2LQ,CF24 2LQ,Cardiff,terraced,32,freehold,2026-04-21,297650,sold_price,transaction,rightmove_via_hm_land_registry,2026-08-09
33 Wyndham Crescent Pontcanna Cardiff CF11 9EE,CF11 9EE,Cardiff,terraced,15,freehold,2026-04-20,400000,sold_price,transaction,rightmove_via_hm_land_registry,2026-08-09
23 Compton Street Grangetown Cardiff CF11 6TJ,CF11 6TJ,Cardiff,terraced,24,freehold,2026-04-20,225000,sold_price,transaction,rightmove_via_hm_land_registry,2026-08-09
61 The Maltings Pontprennau Cardiff CF23 8EQ,CF23 8EQ,Cardiff,semi-detached,16,freehold,2026-04-20,245000,sold_price,transaction,rightmove_via_hm_land_registry,2026-08-09
122 Mynachdy Road Mynachdy Cardiff CF14 3EB,CF14 3EB,Cardiff,semi-detached,37,freehold,2026-04-17,315000,sold_price,transaction,rightmove_via_hm_land_registry,2026-08-09
84 Heol-yr-odyn Caerau Cardiff CF5 5QX,CF5 5QX,Cardiff,semi-detached,32,freehold,2026-04-17,240000,sold_price,transaction,rightmove_via_hm_land_registry,2026-08-09
38 St Andrews Drive Glasgow G61 4NW,G61 4NW,Glasgow,detached,24,,2026-04-30,375000,sold_price,transaction,rightmove_via_hm_land_registry,2026-08-09
104 Allanton Drive Glasgow G52 2EN,G52 2EN,Glasgow,semi-detached,16,,2026-04-30,208500,sold_price,transaction,rightmove_via_hm_land_registry,2026-08-09
Flat 0/2 66 Fergus Drive Glasgow G20 6AW,G20 6AW,Glasgow,flat,22,,2026-04-30,265000,sold_price,transaction,rightmove_via_hm_land_registry,2026-08-09
Flat 1/1 540 Balmore Road Glasgow G22 6QW,G22 6QW,Glasgow,flat,17,,2026-04-30,88888,sold_price,transaction,rightmove_via_hm_land_registry,2026-08-09
127 Parklands Oval Glasgow G53 7UE,G53 7UE,Glasgow,terraced,,,2026-04-30,290225,sold_price,transaction,rightmove_via_hm_land_registry,2026-08-09
Flat 3/2 2178 Dumbarton Road Glasgow G14 0JJ,G14 0JJ,Glasgow,flat,18,,2026-04-30,94500,sold_price,transaction,rightmove_via_hm_land_registry,2026-08-09
15 Commore Drive Glasgow G13 3TU,G13 3TU,Glasgow,flat,16,,2026-04-30,162550,sold_price,transaction,rightmove_via_hm_land_registry,2026-08-09
Flat 2/1 135 Shuna Street Glasgow G20 9QR,G20 9QR,Glasgow,flat,20,,2026-04-30,186523,sold_price,transaction,rightmove_via_hm_land_registry,2026-08-09
35 Beverley Road Glasgow G43 2RW,G43 2RW,Glasgow,semi-detached,45,,2026-04-30,540000,sold_price,transaction,rightmove_via_hm_land_registry,2026-08-09
27 Egilsay Street Glasgow G22 7PE,G22 7PE,Glasgow,terraced,11,,2026-04-30,116000,sold_price,transaction,rightmove_via_hm_land_registry,2026-08-09
Flat 2/2 242 Bearsden Road Glasgow G13 1LA,G13 1LA,Glasgow,flat,15,,2026-04-30,143000,sold_price,transaction,rightmove_via_hm_land_registry,2026-08-09
Flat 3/2 80 Niddrie Road Glasgow G42 8PU,G42 8PU,Glasgow,flat,14,,2026-04-30,167500,sold_price,transaction,rightmove_via_hm_land_registry,2026-08-09
24 Kentigern Terrace Bishopbriggs G64 1TH,G64 1TH,Glasgow,flat,15,,2026-04-30,115995,sold_price,transaction,rightmove_via_hm_land_registry,2026-08-09
Flat 3/1 51 Hillhead Street Glasgow G12 8QA,G12 8QA,Glasgow,flat,26,,2026-04-30,490000,sold_price,transaction,rightmove_via_hm_land_registry,2026-08-09
73 Loch Striven East Kilbride Glasgow G74 2EH,G74 2EH,Glasgow,flat,29,,2026-04-30,88800,sold_price,transaction,rightmove_via_hm_land_registry,2026-08-09
4 Saxondale Road Newcastle Upon Tyne NE3 3RE,NE3 3RE,Newcastle Upon Tyne,terraced,16,freehold,2026-04-27,145000,sold_price,transaction,rightmove_via_hm_land_registry,2026-08-09
7 Mallard Way Newcastle Upon Tyne NE15 9DJ,NE15 9DJ,Newcastle Upon Tyne,detached,17,freehold,2026-04-24,305000,sold_price,transaction,rightmove_via_hm_land_registry,2026-08-09
129 Hotspur North Newcastle Upon Tyne NE27 0GN,NE27 0GN,Newcastle Upon Tyne,detached,16,freehold,2026-04-24,292500,sold_price,transaction,rightmove_via_hm_land_registry,2026-08-09
7 West Meadows Westerhope Newcastle Upon Tyne NE5 1LS,NE5 1LS,Newcastle Upon Tyne,detached,28,freehold,2026-04-24,435000,sold_price,transaction,rightmove_via_hm_land_registry,2026-08-09
14 Richard Browell Road Throckley Newcastle Upon Tyne NE15 9AS,NE15 9AS,Newcastle Upon Tyne,terraced,14,freehold,2026-04-24,143500,sold_price,transaction,rightmove_via_hm_land_registry,2026-08-09
54 Eden Park Court Newcastle Upon Tyne NE13 8BA,NE13 8BA,Newcastle Upon Tyne,semi-detached,21,freehold,2026-04-24,265000,sold_price,transaction,rightmove_via_hm_land_registry,2026-08-09
4 Alnham Green West Denton Newcastle Upon Tyne NE5 1BH,NE5 1BH,Newcastle Upon Tyne,semi-detached,23,leasehold,2026-04-23,230000,sold_price,transaction,rightmove_via_hm_land_registry,2026-08-09
21 Big Waters Close Newcastle Upon Tyne NE13 7ES,NE13 7ES,Newcastle Upon Tyne,terraced,3,freehold,2026-04-23,165000,sold_price,transaction,rightmove_via_hm_land_registry,2026-08-09
15 Greenhead Drive Walker Newcastle Upon Tyne NE6 5BN,NE6 5BN,Newcastle Upon Tyne,terraced,12,freehold,2026-04-23,261500,sold_price,transaction,rightmove_via_hm_land_registry,2026-08-09
7 Hawks Edge Newcastle Upon Tyne NE12 7DR,NE12 7DR,Newcastle Upon Tyne,flat,9,leasehold,2026-04-23,125000,sold_price,transaction,rightmove_via_hm_land_registry,2026-08-09
179 Chadderton Drive West Denton Newcastle Upon Tyne NE5 1HR,NE5 1HR,Newcastle Upon Tyne,semi-detached,16,leasehold,2026-04-23,185000,sold_price,transaction,rightmove_via_hm_land_registry,2026-08-09
8 58 Watergate Buildings Sandhill Quayside Newcastle Upon Tyne NE1 3RG,NE1 3RG,Newcastle Upon Tyne,flat,18,leasehold,2026-04-22,187500,sold_price,transaction,rightmove_via_hm_land_registry,2026-08-09
1 Percy Terrace Newburn Newcastle Upon Tyne NE15 8PP,NE15 8PP,Newcastle Upon Tyne,terraced,25,freehold,2026-04-22,205000,sold_price,transaction,rightmove_via_hm_land_registry,2026-08-09
63 Windsor Terrace South Gosforth Newcastle Upon Tyne NE3 1YL,NE3 1YL,Newcastle Upon Tyne,terraced,23,freehold,2026-04-21,555000,sold_price,transaction,rightmove_via_hm_land_registry,2026-08-09
22 Laurel Crescent Newcastle Upon Tyne NE6 4PJ,NE6 4PJ,Newcastle Upon Tyne,semi-detached,15,freehold,2026-04-21,280000,sold_price,transaction,rightmove_via_hm_land_registry,2026-08-09
Flat 31 The Vineries Nizells Avenue Hove BN3 1PY,BN3 1PY,Brighton And Hove,flat,17,leasehold,2026-04-24,220000,sold_price,transaction,rightmove_via_hm_land_registry,2026-08-09
21 Glebe Villas Hove BN3 5SL,BN3 5SL,Brighton And Hove,detached,24,freehold,2026-04-24,860000,sold_price,transaction,rightmove_via_hm_land_registry,2026-08-09
44 Dean Court Road Rottingdean Brighton BN2 7DJ,BN2 7DJ,Brighton And Hove,detached,29,freehold,2026-04-24,840000,sold_price,transaction,rightmove_via_hm_land_registry,2026-08-09
87 Livingstone Road Hove BN3 3WN,BN3 3WN,Brighton And Hove,terraced,10,freehold,2026-04-24,490000,sold_price,transaction,rightmove_via_hm_land_registry,2026-08-09
29 Bentham Road Brighton BN2 9XB,BN2 9XB,Brighton And Hove,terraced,21,freehold,2026-04-23,600000,sold_price,transaction,rightmove_via_hm_land_registry,2026-08-09
21a Coleridge Street Hove BN3 5AB,BN3 5AB,Brighton And Hove,terraced,5,freehold,2026-04-22,625000,sold_price,transaction,rightmove_via_hm_land_registry,2026-08-09
18 Newtown Road Hove BN3 6AB,BN3 6AB,Brighton And Hove,terraced,37,freehold,2026-04-17,825000,sold_price,transaction,rightmove_via_hm_land_registry,2026-08-09
Flat 15 3 Third Avenue Hove BN3 2PB,BN3 2PB,Brighton And Hove,flat,,leasehold,2026-04-17,205000,sold_price,transaction,rightmove_via_hm_land_registry,2026-08-09
7 The Lees Manor Road Brighton BN2 5YU,BN2 5YU,Brighton And Hove,terraced,16,freehold,2026-04-17,410000,sold_price,transaction,rightmove_via_hm_land_registry,2026-08-09
6 West View The Drive Hove BN3 6JB,BN3 6JB,Brighton And Hove,flat,12,leasehold,2026-04-17,353000,sold_price,transaction,rightmove_via_hm_land_registry,2026-08-09
38 Campbell Road Brighton BN1 4QD,BN1 4QD,Brighton And Hove,terraced,20,freehold,2026-04-17,700000,sold_price,transaction,rightmove_via_hm_land_registry,2026-08-09
9 Scott Road Hove BN3 5HN,BN3 5HN,Brighton And Hove,terraced,26,freehold,2026-04-17,730000,sold_price,transaction,rightmove_via_hm_land_registry,2026-08-09
42 Sunninghill Close Hove BN3 8JD,BN3 8JD,Brighton And Hove,detached,10,freehold,2026-04-17,390000,sold_price,transaction,rightmove_via_hm_land_registry,2026-08-09
26 Rotherfield Crescent Brighton BN1 8FQ,BN1 8FQ,Brighton And Hove,semi-detached,9,freehold,2026-04-17,410000,sold_price,transaction,rightmove_via_hm_land_registry,2026-08-09
47 North Road Brighton BN41 2HD,BN41 2HD,Brighton And Hove,detached,51,freehold,2026-04-17,725000,sold_price,transaction,rightmove_via_hm_land_registry,2026-08-09
16 Petersfield Mansions Petersfield Cambridge CB1 1BB,CB1 1BB,Cambridge,flat,8,leasehold,2026-04-27,311000,sold_price,transaction,rightmove_via_hm_land_registry,2026-08-09
14 Whitelocks Drive Trumpington Cambridge CB2 9DN,CB2 9DN,Cambridge,terraced,16,freehold,2026-04-24,975000,sold_price,transaction,rightmove_via_hm_land_registry,2026-08-09
10 Windsor Gate Coldhams Lane Cambridge CB1 3JH,CB1 3JH,Cambridge,flat,7,leasehold,2026-04-24,236000,sold_price,transaction,rightmove_via_hm_land_registry,2026-08-09
26 Wedgewood Drive Cambridge CB1 9PQ,CB1 9PQ,Cambridge,flat,10,leasehold,2026-04-23,265000,sold_price,transaction,rightmove_via_hm_land_registry,2026-08-09
33 Herbert Street Cambridge CB4 1AG,CB4 1AG,Cambridge,terraced,21,freehold,2026-04-23,720000,sold_price,transaction,rightmove_via_hm_land_registry,2026-08-09
7 Carlton Court Carlton Way Cambridge CB4 2BX,CB4 2BX,Cambridge,flat,15,leasehold,2026-04-23,370000,sold_price,transaction,rightmove_via_hm_land_registry,2026-08-09
23 Jasmine Court Cherry Hinton Road Cambridge CB1 8BG,CB1 8BG,Cambridge,flat,13,leasehold,2026-04-22,227000,sold_price,transaction,rightmove_via_hm_land_registry,2026-08-09
16 Hopkins Close Cambridge CB4 1FD,CB4 1FD,Cambridge,detached,21,freehold,2026-04-21,675000,sold_price,transaction,rightmove_via_hm_land_registry,2026-08-09
31 Thornton Close Cambridge CB3 0NF,CB3 0NF,Cambridge,detached,18,freehold,2026-04-17,830000,sold_price,transaction,rightmove_via_hm_land_registry,2026-08-09
The Wardens Flat Millcroft Court Mill Road Cambridge CB1 3PE,CB1 3PE,Cambridge,flat,,leasehold,2026-04-17,160000,sold_price,transaction,rightmove_via_hm_land_registry,2026-08-09
76 Wycliffe Road Cambridge CB1 3JE,CB1 3JE,Cambridge,flat,,leasehold,2026-04-17,170000,sold_price,transaction,rightmove_via_hm_land_registry,2026-08-09
67 Carlyle Road Cambridge CB4 3DH,CB4 3DH,Cambridge,terraced,21,freehold,2026-04-14,915000,sold_price,transaction,rightmove_via_hm_land_registry,2026-08-09
44 Mortlock Avenue Cambridge CB4 1TE,CB4 1TE,Cambridge,terraced,21,freehold,2026-04-14,382500,sold_price,transaction,rightmove_via_hm_land_registry,2026-08-09
59 Addenbrookes Road Trumpington Cambridge CB2 9AS,CB2 9AS,Cambridge,flat,17,leasehold,2026-04-13,455000,sold_price,transaction,rightmove_via_hm_land_registry,2026-08-09
6 Windsor Gate Coldhams Lane Cambridge CB1 3JH,CB1 3JH,Cambridge,flat,7,leasehold,2026-04-10,275000,sold_price,transaction,rightmove_via_hm_land_registry,2026-08-09
92 Bennett Crescent Oxford OX4 2UW,OX4 2UW,Oxford,terraced,22,freehold,2026-04-30,457000,sold_price,transaction,rightmove_via_hm_land_registry,2026-08-09
3 Wharton Road Oxford OX3 8AH,OX3 8AH,Oxford,semi-detached,18,freehold,2026-04-29,750000,sold_price,transaction,rightmove_via_hm_land_registry,2026-08-09
4 Sidney Street Oxford OX4 3AG,OX4 3AG,Oxford,terraced,10,freehold,2026-04-24,385000,sold_price,transaction,rightmove_via_hm_land_registry,2026-08-09
44 Five Mile Drive Oxford OX2 8HW,OX2 8HW,Oxford,semi-detached,14,freehold,2026-04-22,750000,sold_price,transaction,rightmove_via_hm_land_registry,2026-08-09
77 Pheasant Walk Littlemore Oxford OX4 4XX,OX4 4XX,Oxford,semi-detached,10,freehold,2026-04-20,262500,sold_price,transaction,rightmove_via_hm_land_registry,2026-08-09
6 Milton Road Oxford OX4 3EE,OX4 3EE,Oxford,semi-detached,7,freehold,2026-04-20,300000,sold_price,transaction,rightmove_via_hm_land_registry,2026-08-09
22 Benson Road Oxford OX3 7EH,OX3 7EH,Oxford,semi-detached,14,freehold,2026-04-20,412000,sold_price,transaction,rightmove_via_hm_land_registry,2026-08-09
22 Cricket Road Oxford OX4 3DG,OX4 3DG,Oxford,terraced,16,freehold,2026-04-17,475000,sold_price,transaction,rightmove_via_hm_land_registry,2026-08-09
10 Forget-me-not Way Oxford OX4 7ZD,OX4 7ZD,Oxford,semi-detached,15,freehold,2026-04-16,460000,sold_price,transaction,rightmove_via_hm_land_registry,2026-08-09
89 Frenchay Road Oxford OX2 6TF,OX2 6TF,Oxford,terraced,12,freehold,2026-04-15,560000,sold_price,transaction,rightmove_via_hm_land_registry,2026-08-09
16 Mattock Close Oxford OX3 7AH,OX3 7AH,Oxford,terraced,10,freehold,2026-04-15,425000,sold_price,transaction,rightmove_via_hm_land_registry,2026-08-09
58 Foundry House Eagle Works Walton Well Road Oxford OX2 6AQ,OX2 6AQ,Oxford,flat,21,leasehold,2026-04-14,620000,sold_price,transaction,rightmove_via_hm_land_registry,2026-08-09
49 Church Hill Road Oxford OX4 3SG,OX4 3SG,Oxford,terraced,19,freehold,2026-04-14,675000,sold_price,transaction,rightmove_via_hm_land_registry,2026-08-09
9 Jackson Drive Kennington Oxford OX1 5LL,OX1 5LL,Oxford,semi-detached,,freehold,2026-04-13,495000,sold_price,transaction,rightmove_via_hm_land_registry,2026-08-09
90 Old High Street Oxford OX3 9HW,OX3 9HW,Oxford,terraced,13,freehold,2026-04-10,490000,sold_price,transaction,rightmove_via_hm_land_registry,2026-08-09
35 Ledran Close Reading RG6 4JF,RG6 4JF,Reading,detached,44,freehold,2026-04-24,740000,sold_price,transaction,rightmove_via_hm_land_registry,2026-08-09
3 Romsey Road Tilehurst Reading RG30 6UP,RG30 6UP,Reading,semi-detached,25,freehold,2026-04-24,395000,sold_price,transaction,rightmove_via_hm_land_registry,2026-08-09
22 Hunters Wharf Katesgrove Lane Reading RG1 2NH,RG1 2NH,Reading,flat,12,leasehold,2026-04-24,270000,sold_price,transaction,rightmove_via_hm_land_registry,2026-08-09
19 Fordham Way Reading RG6 4BD,RG6 4BD,Reading,semi-detached,17,freehold,2026-04-23,450000,sold_price,transaction,rightmove_via_hm_land_registry,2026-08-09
117 Southcote Lane Reading RG30 3AJ,RG30 3AJ,Reading,terraced,14,freehold,2026-04-23,345000,sold_price,transaction,rightmove_via_hm_land_registry,2026-08-09
29 Alderley Close Reading RG5 4TG,RG5 4TG,Reading,detached,28,freehold,2026-04-23,870000,sold_price,transaction,rightmove_via_hm_land_registry,2026-08-09
21 Elmstone Drive Tilehurst Reading RG31 5NS,RG31 5NS,Reading,semi-detached,19,freehold,2026-04-23,430000,sold_price,transaction,rightmove_via_hm_land_registry,2026-08-09
327 Headley Road East Reading RG5 4SE,RG5 4SE,Reading,terraced,18,freehold,2026-04-22,370000,sold_price,transaction,rightmove_via_hm_land_registry,2026-08-09
59 Cressingham Road Reading RG2 7RX,RG2 7RX,Reading,detached,15,freehold,2026-04-21,427500,sold_price,transaction,rightmove_via_hm_land_registry,2026-08-09
29 Lower Elmstone Drive Tilehurst Reading RG31 5EB,RG31 5EB,Reading,detached,22,freehold,2026-04-21,495000,sold_price,transaction,rightmove_via_hm_land_registry,2026-08-09
39 Little Horse Close Reading RG6 7HL,RG6 7HL,Reading,flat,15,leasehold,2026-04-20,270000,sold_price,transaction,rightmove_via_hm_land_registry,2026-08-09
23 Sevenoaks Road Reading RG6 7NT,RG6 7NT,Reading,semi-detached,25,freehold,2026-04-20,600000,sold_price,transaction,rightmove_via_hm_land_registry,2026-08-09
2 Simons Close Tilehurst Reading RG31 6GA,RG31 6GA,Reading,detached,18,freehold,2026-04-20,536000,sold_price,transaction,rightmove_via_hm_land_registry,2026-08-09
47a Prince Of Wales Avenue Reading RG30 2UH,RG30 2UH,Reading,terraced,17,freehold,2026-04-20,375000,sold_price,transaction,rightmove_via_hm_land_registry,2026-08-09
12 Sandhills Way Calcot Reading RG31 7PQ,RG31 7PQ,Reading,terraced,15,freehold,2026-04-20,332000,sold_price,transaction,rightmove_via_hm_land_registry,2026-08-09
33 Alpine Gardens Walcot Bath BA1 5PD,BA1 5PD,Bath,terraced,20,leasehold,2026-04-23,415000,sold_price,transaction,rightmove_via_hm_land_registry,2026-08-09
Flat 3 Second Third Floors 11 Queen&#x27;s Parade City Centre Bath BA1 2NJ,BA1 2NJ,Bath,flat,19,leasehold,2026-04-22,340000,sold_price,transaction,rightmove_via_hm_land_registry,2026-08-09
31 Entry Hill Lyncombe Bath BA2 5LY,BA2 5LY,Bath,terraced,27,freehold,2026-04-20,410000,sold_price,transaction,rightmove_via_hm_land_registry,2026-08-09
5 Heather Rise Bannerdown Road Batheaston Bath BA1 7PL,BA1 7PL,Bath,flat,26,leasehold,2026-04-17,400000,sold_price,transaction,rightmove_via_hm_land_registry,2026-08-09
11 Upper Hedgemead Road Walcot Bath BA1 5NE,BA1 5NE,Bath,terraced,20,leasehold,2026-04-15,560000,sold_price,transaction,rightmove_via_hm_land_registry,2026-08-09
46 Uphill Drive Larkhall Bath BA1 6PA,BA1 6PA,Bath,flat,16,leasehold,2026-04-15,180000,sold_price,transaction,rightmove_via_hm_land_registry,2026-08-09
9 Pioneer Avenue Combe Down Bath BA2 5QX,BA2 5QX,Bath,semi-detached,21,freehold,2026-04-13,645000,sold_price,transaction,rightmove_via_hm_land_registry,2026-08-09
119 Bradford Road Combe Down Bath BA2 5BR,BA2 5BR,Bath,terraced,22,freehold,2026-04-13,315000,sold_price,transaction,rightmove_via_hm_land_registry,2026-08-09
Second Floor 6 Devonshire Buildings Bear Flat Bath BA2 4SP,BA2 4SP,Bath,flat,,leasehold,2026-04-13,330000,sold_price,transaction,rightmove_via_hm_land_registry,2026-08-09
70 Napier Road Upper Weston Bath BA1 4LW,BA1 4LW,Bath,detached,17,freehold,2026-04-10,465000,sold_price,transaction,rightmove_via_hm_land_registry,2026-08-09
81 Bloomfield Avenue Oldfield Park Bath BA2 3AD,BA2 3AD,Bath,semi-detached,,freehold,2026-04-10,987500,sold_price,transaction,rightmove_via_hm_land_registry,2026-08-09
11 Pennard Green Twerton Bath BA2 1SE,BA2 1SE,Bath,semi-detached,28,freehold,2026-04-10,217500,sold_price,transaction,rightmove_via_hm_land_registry,2026-08-09
First Floor 38 Green Park Kingsmead Bath BA1 1HZ,BA1 1HZ,Bath,flat,,leasehold,2026-04-10,280000,sold_price,transaction,rightmove_via_hm_land_registry,2026-08-09
4 Palladian Victoria Bridge Road Westmoreland Bath BA2 3FJ,BA2 3FJ,Bath,flat,13,leasehold,2026-04-10,196000,sold_price,transaction,rightmove_via_hm_land_registry,2026-08-09
93 Dovers Park Bathford Bath BA1 7UE,BA1 7UE,Bath,detached,26,freehold,2026-04-09,755000,sold_price,transaction,rightmove_via_hm_land_registry,2026-08-09
18 Runswick Avenue York YO26 5PP,YO26 5PP,York,semi-detached,11,freehold,2026-04-24,305000,sold_price,transaction,rightmove_via_hm_land_registry,2026-08-09
8 Wharnscliffe Drive York YO30 4WB,YO30 4WB,York,detached,15,freehold,2026-04-22,360000,sold_price,transaction,rightmove_via_hm_land_registry,2026-08-09
1 Park Crescent York YO31 7NU,YO31 7NU,York,terraced,11,freehold,2026-04-21,235000,sold_price,transaction,rightmove_via_hm_land_registry,2026-08-09
26 Melton Avenue York YO30 5QE,YO30 5QE,York,semi-detached,9,freehold,2026-04-20,220000,sold_price,transaction,rightmove_via_hm_land_registry,2026-08-09
10 Blakeney Place York YO10 3HZ,YO10 3HZ,York,flat,13,leasehold,2026-04-20,295000,sold_price,transaction,rightmove_via_hm_land_registry,2026-08-09
Flat 2 69 The Mount York YO24 1AX,YO24 1AX,York,flat,9,leasehold,2026-04-17,220000,sold_price,transaction,rightmove_via_hm_land_registry,2026-08-09
8 Bonington Court York YO26 4QN,YO26 4QN,York,semi-detached,8,leasehold,2026-04-15,143000,sold_price,transaction,rightmove_via_hm_land_registry,2026-08-09
16 Foss Walk Nether Poppleton York YO26 6RF,YO26 6RF,York,terraced,14,freehold,2026-04-15,275000,sold_price,transaction,rightmove_via_hm_land_registry,2026-08-09
14 Regent Mews York YO26 5TD,YO26 5TD,York,semi-detached,14,freehold,2026-04-13,370000,sold_price,transaction,rightmove_via_hm_land_registry,2026-08-09
15 Heworth Hall Drive York YO31 1AG,YO31 1AG,York,semi-detached,18,freehold,2026-04-13,555000,sold_price,transaction,rightmove_via_hm_land_registry,2026-08-09
2 Nidd Grove York YO24 2PZ,YO24 2PZ,York,semi-detached,,freehold,2026-04-13,289000,sold_price,transaction,rightmove_via_hm_land_registry,2026-08-09
5 Warwick Street York YO31 8NL,YO31 8NL,York,terraced,10,freehold,2026-04-13,235000,sold_price,transaction,rightmove_via_hm_land_registry,2026-08-09
20 Jorvik Close York YO26 5HD,YO26 5HD,York,terraced,14,freehold,2026-04-13,210000,sold_price,transaction,rightmove_via_hm_land_registry,2026-08-09
18 Ashfield Court Old Moor Lane York YO24 1QS,YO24 1QS,York,flat,13,leasehold,2026-04-10,240000,sold_price,transaction,rightmove_via_hm_land_registry,2026-08-09
25 Windmill Lane York YO10 3LG,YO10 3LG,York,semi-detached,18,freehold,2026-04-10,350000,sold_price,transaction,rightmove_via_hm_land_registry,2026-08-09
