published_at,event_type,title,summary,value_pct,prev_value_pct,source,source_url,tags,collected_as_of
1975-02-01,boe_bank_rate_change,Bank Rate changed to 10.5%,BoE Bank Rate moved from 11.0% to 10.5%,10.5,11.0,bank_of_england_iadb,"https://www.bankofengland.co.uk/boeapps/database/_iadb-fromshowcolumns.asp?csv.x=yes&Datefrom=01/Jan/1975&Dateto=now&SeriesCodes=IUDBEDR,IUMBV34,IUMBV37,IUMBV42,IUMBV45,IUM2WTL,IUM5WTL,IUMTLMV&UsingCodes=Y&VPD=Y&VFD=N",rates;monetary_policy;politics_macro,2026-08-10
1975-03-01,boe_bank_rate_change,Bank Rate changed to 10.0%,BoE Bank Rate moved from 10.5% to 10.0%,10.0,10.5,bank_of_england_iadb,"https://www.bankofengland.co.uk/boeapps/database/_iadb-fromshowcolumns.asp?csv.x=yes&Datefrom=01/Jan/1975&Dateto=now&SeriesCodes=IUDBEDR,IUMBV34,IUMBV37,IUMBV42,IUMBV45,IUM2WTL,IUM5WTL,IUMTLMV&UsingCodes=Y&VPD=Y&VFD=N",rates;monetary_policy;politics_macro,2026-08-10
1975-04-01,boe_bank_rate_change,Bank Rate changed to 9.75%,BoE Bank Rate moved from 10.0% to 9.75%,9.75,10.0,bank_of_england_iadb,"https://www.bankofengland.co.uk/boeapps/database/_iadb-fromshowcolumns.asp?csv.x=yes&Datefrom=01/Jan/1975&Dateto=now&SeriesCodes=IUDBEDR,IUMBV34,IUMBV37,IUMBV42,IUMBV45,IUM2WTL,IUM5WTL,IUMTLMV&UsingCodes=Y&VPD=Y&VFD=N",rates;monetary_policy;politics_macro,2026-08-10
1975-05-01,boe_bank_rate_change,Bank Rate changed to 10.0%,BoE Bank Rate moved from 9.75% to 10.0%,10.0,9.75,bank_of_england_iadb,"https://www.bankofengland.co.uk/boeapps/database/_iadb-fromshowcolumns.asp?csv.x=yes&Datefrom=01/Jan/1975&Dateto=now&SeriesCodes=IUDBEDR,IUMBV34,IUMBV37,IUMBV42,IUMBV45,IUM2WTL,IUM5WTL,IUMTLMV&UsingCodes=Y&VPD=Y&VFD=N",rates;monetary_policy;politics_macro,2026-08-10
1975-07-01,boe_bank_rate_change,Bank Rate changed to 11.0%,BoE Bank Rate moved from 10.0% to 11.0%,11.0,10.0,bank_of_england_iadb,"https://www.bankofengland.co.uk/boeapps/database/_iadb-fromshowcolumns.asp?csv.x=yes&Datefrom=01/Jan/1975&Dateto=now&SeriesCodes=IUDBEDR,IUMBV34,IUMBV37,IUMBV42,IUMBV45,IUM2WTL,IUM5WTL,IUMTLMV&UsingCodes=Y&VPD=Y&VFD=N",rates;monetary_policy;politics_macro,2026-08-10
1975-10-01,boe_bank_rate_change,Bank Rate changed to 12.0%,BoE Bank Rate moved from 11.0% to 12.0%,12.0,11.0,bank_of_england_iadb,"https://www.bankofengland.co.uk/boeapps/database/_iadb-fromshowcolumns.asp?csv.x=yes&Datefrom=01/Jan/1975&Dateto=now&SeriesCodes=IUDBEDR,IUMBV34,IUMBV37,IUMBV42,IUMBV45,IUM2WTL,IUM5WTL,IUMTLMV&UsingCodes=Y&VPD=Y&VFD=N",rates;monetary_policy;politics_macro,2026-08-10
1975-11-01,boe_bank_rate_change,Bank Rate changed to 11.75%,BoE Bank Rate moved from 12.0% to 11.75%,11.75,12.0,bank_of_england_iadb,"https://www.bankofengland.co.uk/boeapps/database/_iadb-fromshowcolumns.asp?csv.x=yes&Datefrom=01/Jan/1975&Dateto=now&SeriesCodes=IUDBEDR,IUMBV34,IUMBV37,IUMBV42,IUMBV45,IUM2WTL,IUM5WTL,IUMTLMV&UsingCodes=Y&VPD=Y&VFD=N",rates;monetary_policy;politics_macro,2026-08-10
1975-12-01,boe_bank_rate_change,Bank Rate changed to 11.25%,BoE Bank Rate moved from 11.75% to 11.25%,11.25,11.75,bank_of_england_iadb,"https://www.bankofengland.co.uk/boeapps/database/_iadb-fromshowcolumns.asp?csv.x=yes&Datefrom=01/Jan/1975&Dateto=now&SeriesCodes=IUDBEDR,IUMBV34,IUMBV37,IUMBV42,IUMBV45,IUM2WTL,IUM5WTL,IUMTLMV&UsingCodes=Y&VPD=Y&VFD=N",rates;monetary_policy;politics_macro,2026-08-10
1976-01-01,boe_bank_rate_change,Bank Rate changed to 10.5%,BoE Bank Rate moved from 11.25% to 10.5%,10.5,11.25,bank_of_england_iadb,"https://www.bankofengland.co.uk/boeapps/database/_iadb-fromshowcolumns.asp?csv.x=yes&Datefrom=01/Jan/1975&Dateto=now&SeriesCodes=IUDBEDR,IUMBV34,IUMBV37,IUMBV42,IUMBV45,IUM2WTL,IUM5WTL,IUMTLMV&UsingCodes=Y&VPD=Y&VFD=N",rates;monetary_policy;politics_macro,2026-08-10
1976-02-01,boe_bank_rate_change,Bank Rate changed to 9.5%,BoE Bank Rate moved from 10.5% to 9.5%,9.5,10.5,bank_of_england_iadb,"https://www.bankofengland.co.uk/boeapps/database/_iadb-fromshowcolumns.asp?csv.x=yes&Datefrom=01/Jan/1975&Dateto=now&SeriesCodes=IUDBEDR,IUMBV34,IUMBV37,IUMBV42,IUMBV45,IUM2WTL,IUM5WTL,IUMTLMV&UsingCodes=Y&VPD=Y&VFD=N",rates;monetary_policy;politics_macro,2026-08-10
1976-03-01,boe_bank_rate_change,Bank Rate changed to 9.0%,BoE Bank Rate moved from 9.5% to 9.0%,9.0,9.5,bank_of_england_iadb,"https://www.bankofengland.co.uk/boeapps/database/_iadb-fromshowcolumns.asp?csv.x=yes&Datefrom=01/Jan/1975&Dateto=now&SeriesCodes=IUDBEDR,IUMBV34,IUMBV37,IUMBV42,IUMBV45,IUM2WTL,IUM5WTL,IUMTLMV&UsingCodes=Y&VPD=Y&VFD=N",rates;monetary_policy;politics_macro,2026-08-10
1976-04-01,boe_bank_rate_change,Bank Rate changed to 10.5%,BoE Bank Rate moved from 9.0% to 10.5%,10.5,9.0,bank_of_england_iadb,"https://www.bankofengland.co.uk/boeapps/database/_iadb-fromshowcolumns.asp?csv.x=yes&Datefrom=01/Jan/1975&Dateto=now&SeriesCodes=IUDBEDR,IUMBV34,IUMBV37,IUMBV42,IUMBV45,IUM2WTL,IUM5WTL,IUMTLMV&UsingCodes=Y&VPD=Y&VFD=N",rates;monetary_policy;politics_macro,2026-08-10
1976-05-01,boe_bank_rate_change,Bank Rate changed to 11.5%,BoE Bank Rate moved from 10.5% to 11.5%,11.5,10.5,bank_of_england_iadb,"https://www.bankofengland.co.uk/boeapps/database/_iadb-fromshowcolumns.asp?csv.x=yes&Datefrom=01/Jan/1975&Dateto=now&SeriesCodes=IUDBEDR,IUMBV34,IUMBV37,IUMBV42,IUMBV45,IUM2WTL,IUM5WTL,IUMTLMV&UsingCodes=Y&VPD=Y&VFD=N",rates;monetary_policy;politics_macro,2026-08-10
1976-09-01,boe_bank_rate_change,Bank Rate changed to 13.0%,BoE Bank Rate moved from 11.5% to 13.0%,13.0,11.5,bank_of_england_iadb,"https://www.bankofengland.co.uk/boeapps/database/_iadb-fromshowcolumns.asp?csv.x=yes&Datefrom=01/Jan/1975&Dateto=now&SeriesCodes=IUDBEDR,IUMBV34,IUMBV37,IUMBV42,IUMBV45,IUM2WTL,IUM5WTL,IUMTLMV&UsingCodes=Y&VPD=Y&VFD=N",rates;monetary_policy;politics_macro,2026-08-10
1976-10-01,boe_bank_rate_change,Bank Rate changed to 15.0%,BoE Bank Rate moved from 13.0% to 15.0%,15.0,13.0,bank_of_england_iadb,"https://www.bankofengland.co.uk/boeapps/database/_iadb-fromshowcolumns.asp?csv.x=yes&Datefrom=01/Jan/1975&Dateto=now&SeriesCodes=IUDBEDR,IUMBV34,IUMBV37,IUMBV42,IUMBV45,IUM2WTL,IUM5WTL,IUMTLMV&UsingCodes=Y&VPD=Y&VFD=N",rates;monetary_policy;politics_macro,2026-08-10
1976-11-01,boe_bank_rate_change,Bank Rate changed to 14.75%,BoE Bank Rate moved from 15.0% to 14.75%,14.75,15.0,bank_of_england_iadb,"https://www.bankofengland.co.uk/boeapps/database/_iadb-fromshowcolumns.asp?csv.x=yes&Datefrom=01/Jan/1975&Dateto=now&SeriesCodes=IUDBEDR,IUMBV34,IUMBV37,IUMBV42,IUMBV45,IUM2WTL,IUM5WTL,IUMTLMV&UsingCodes=Y&VPD=Y&VFD=N",rates;monetary_policy;politics_macro,2026-08-10
1976-12-01,boe_bank_rate_change,Bank Rate changed to 14.25%,BoE Bank Rate moved from 14.75% to 14.25%,14.25,14.75,bank_of_england_iadb,"https://www.bankofengland.co.uk/boeapps/database/_iadb-fromshowcolumns.asp?csv.x=yes&Datefrom=01/Jan/1975&Dateto=now&SeriesCodes=IUDBEDR,IUMBV34,IUMBV37,IUMBV42,IUMBV45,IUM2WTL,IUM5WTL,IUMTLMV&UsingCodes=Y&VPD=Y&VFD=N",rates;monetary_policy;politics_macro,2026-08-10
1977-01-01,boe_bank_rate_change,Bank Rate changed to 12.25%,BoE Bank Rate moved from 14.25% to 12.25%,12.25,14.25,bank_of_england_iadb,"https://www.bankofengland.co.uk/boeapps/database/_iadb-fromshowcolumns.asp?csv.x=yes&Datefrom=01/Jan/1975&Dateto=now&SeriesCodes=IUDBEDR,IUMBV34,IUMBV37,IUMBV42,IUMBV45,IUM2WTL,IUM5WTL,IUMTLMV&UsingCodes=Y&VPD=Y&VFD=N",rates;monetary_policy;politics_macro,2026-08-10
1977-02-01,boe_bank_rate_change,Bank Rate changed to 12.0%,BoE Bank Rate moved from 12.25% to 12.0%,12.0,12.25,bank_of_england_iadb,"https://www.bankofengland.co.uk/boeapps/database/_iadb-fromshowcolumns.asp?csv.x=yes&Datefrom=01/Jan/1975&Dateto=now&SeriesCodes=IUDBEDR,IUMBV34,IUMBV37,IUMBV42,IUMBV45,IUM2WTL,IUM5WTL,IUMTLMV&UsingCodes=Y&VPD=Y&VFD=N",rates;monetary_policy;politics_macro,2026-08-10
1977-03-01,boe_bank_rate_change,Bank Rate changed to 9.5%,BoE Bank Rate moved from 12.0% to 9.5%,9.5,12.0,bank_of_england_iadb,"https://www.bankofengland.co.uk/boeapps/database/_iadb-fromshowcolumns.asp?csv.x=yes&Datefrom=01/Jan/1975&Dateto=now&SeriesCodes=IUDBEDR,IUMBV34,IUMBV37,IUMBV42,IUMBV45,IUM2WTL,IUM5WTL,IUMTLMV&UsingCodes=Y&VPD=Y&VFD=N",rates;monetary_policy;politics_macro,2026-08-10
1977-04-01,boe_bank_rate_change,Bank Rate changed to 8.75%,BoE Bank Rate moved from 9.5% to 8.75%,8.75,9.5,bank_of_england_iadb,"https://www.bankofengland.co.uk/boeapps/database/_iadb-fromshowcolumns.asp?csv.x=yes&Datefrom=01/Jan/1975&Dateto=now&SeriesCodes=IUDBEDR,IUMBV34,IUMBV37,IUMBV42,IUMBV45,IUM2WTL,IUM5WTL,IUMTLMV&UsingCodes=Y&VPD=Y&VFD=N",rates;monetary_policy;politics_macro,2026-08-10
1977-05-01,boe_bank_rate_change,Bank Rate changed to 8.0%,BoE Bank Rate moved from 8.75% to 8.0%,8.0,8.75,bank_of_england_iadb,"https://www.bankofengland.co.uk/boeapps/database/_iadb-fromshowcolumns.asp?csv.x=yes&Datefrom=01/Jan/1975&Dateto=now&SeriesCodes=IUDBEDR,IUMBV34,IUMBV37,IUMBV42,IUMBV45,IUM2WTL,IUM5WTL,IUMTLMV&UsingCodes=Y&VPD=Y&VFD=N",rates;monetary_policy;politics_macro,2026-08-10
1977-08-01,boe_bank_rate_change,Bank Rate changed to 7.0%,BoE Bank Rate moved from 8.0% to 7.0%,7.0,8.0,bank_of_england_iadb,"https://www.bankofengland.co.uk/boeapps/database/_iadb-fromshowcolumns.asp?csv.x=yes&Datefrom=01/Jan/1975&Dateto=now&SeriesCodes=IUDBEDR,IUMBV34,IUMBV37,IUMBV42,IUMBV45,IUM2WTL,IUM5WTL,IUMTLMV&UsingCodes=Y&VPD=Y&VFD=N",rates;monetary_policy;politics_macro,2026-08-10
1977-09-01,boe_bank_rate_change,Bank Rate changed to 6.0%,BoE Bank Rate moved from 7.0% to 6.0%,6.0,7.0,bank_of_england_iadb,"https://www.bankofengland.co.uk/boeapps/database/_iadb-fromshowcolumns.asp?csv.x=yes&Datefrom=01/Jan/1975&Dateto=now&SeriesCodes=IUDBEDR,IUMBV34,IUMBV37,IUMBV42,IUMBV45,IUM2WTL,IUM5WTL,IUMTLMV&UsingCodes=Y&VPD=Y&VFD=N",rates;monetary_policy;politics_macro,2026-08-10
1977-10-01,boe_bank_rate_change,Bank Rate changed to 5.0%,BoE Bank Rate moved from 6.0% to 5.0%,5.0,6.0,bank_of_england_iadb,"https://www.bankofengland.co.uk/boeapps/database/_iadb-fromshowcolumns.asp?csv.x=yes&Datefrom=01/Jan/1975&Dateto=now&SeriesCodes=IUDBEDR,IUMBV34,IUMBV37,IUMBV42,IUMBV45,IUM2WTL,IUM5WTL,IUMTLMV&UsingCodes=Y&VPD=Y&VFD=N",rates;monetary_policy;politics_macro,2026-08-10
1977-11-01,boe_bank_rate_change,Bank Rate changed to 7.0%,BoE Bank Rate moved from 5.0% to 7.0%,7.0,5.0,bank_of_england_iadb,"https://www.bankofengland.co.uk/boeapps/database/_iadb-fromshowcolumns.asp?csv.x=yes&Datefrom=01/Jan/1975&Dateto=now&SeriesCodes=IUDBEDR,IUMBV34,IUMBV37,IUMBV42,IUMBV45,IUM2WTL,IUM5WTL,IUMTLMV&UsingCodes=Y&VPD=Y&VFD=N",rates;monetary_policy;politics_macro,2026-08-10
1978-01-01,boe_bank_rate_change,Bank Rate changed to 6.5%,BoE Bank Rate moved from 7.0% to 6.5%,6.5,7.0,bank_of_england_iadb,"https://www.bankofengland.co.uk/boeapps/database/_iadb-fromshowcolumns.asp?csv.x=yes&Datefrom=01/Jan/1975&Dateto=now&SeriesCodes=IUDBEDR,IUMBV34,IUMBV37,IUMBV42,IUMBV45,IUM2WTL,IUM5WTL,IUMTLMV&UsingCodes=Y&VPD=Y&VFD=N",rates;monetary_policy;politics_macro,2026-08-10
1978-04-01,boe_bank_rate_change,Bank Rate changed to 7.5%,BoE Bank Rate moved from 6.5% to 7.5%,7.5,6.5,bank_of_england_iadb,"https://www.bankofengland.co.uk/boeapps/database/_iadb-fromshowcolumns.asp?csv.x=yes&Datefrom=01/Jan/1975&Dateto=now&SeriesCodes=IUDBEDR,IUMBV34,IUMBV37,IUMBV42,IUMBV45,IUM2WTL,IUM5WTL,IUMTLMV&UsingCodes=Y&VPD=Y&VFD=N",rates;monetary_policy;politics_macro,2026-08-10
1978-05-01,boe_bank_rate_change,Bank Rate changed to 9.0%,BoE Bank Rate moved from 7.5% to 9.0%,9.0,7.5,bank_of_england_iadb,"https://www.bankofengland.co.uk/boeapps/database/_iadb-fromshowcolumns.asp?csv.x=yes&Datefrom=01/Jan/1975&Dateto=now&SeriesCodes=IUDBEDR,IUMBV34,IUMBV37,IUMBV42,IUMBV45,IUM2WTL,IUM5WTL,IUMTLMV&UsingCodes=Y&VPD=Y&VFD=N",rates;monetary_policy;politics_macro,2026-08-10
1978-06-01,boe_bank_rate_change,Bank Rate changed to 10.0%,BoE Bank Rate moved from 9.0% to 10.0%,10.0,9.0,bank_of_england_iadb,"https://www.bankofengland.co.uk/boeapps/database/_iadb-fromshowcolumns.asp?csv.x=yes&Datefrom=01/Jan/1975&Dateto=now&SeriesCodes=IUDBEDR,IUMBV34,IUMBV37,IUMBV42,IUMBV45,IUM2WTL,IUM5WTL,IUMTLMV&UsingCodes=Y&VPD=Y&VFD=N",rates;monetary_policy;politics_macro,2026-08-10
1978-11-01,boe_bank_rate_change,Bank Rate changed to 12.5%,BoE Bank Rate moved from 10.0% to 12.5%,12.5,10.0,bank_of_england_iadb,"https://www.bankofengland.co.uk/boeapps/database/_iadb-fromshowcolumns.asp?csv.x=yes&Datefrom=01/Jan/1975&Dateto=now&SeriesCodes=IUDBEDR,IUMBV34,IUMBV37,IUMBV42,IUMBV45,IUM2WTL,IUM5WTL,IUMTLMV&UsingCodes=Y&VPD=Y&VFD=N",rates;monetary_policy;politics_macro,2026-08-10
1979-02-01,boe_bank_rate_change,Bank Rate changed to 14.0%,BoE Bank Rate moved from 12.5% to 14.0%,14.0,12.5,bank_of_england_iadb,"https://www.bankofengland.co.uk/boeapps/database/_iadb-fromshowcolumns.asp?csv.x=yes&Datefrom=01/Jan/1975&Dateto=now&SeriesCodes=IUDBEDR,IUMBV34,IUMBV37,IUMBV42,IUMBV45,IUM2WTL,IUM5WTL,IUMTLMV&UsingCodes=Y&VPD=Y&VFD=N",rates;monetary_policy;politics_macro,2026-08-10
1979-03-01,boe_bank_rate_change,Bank Rate changed to 13.0%,BoE Bank Rate moved from 14.0% to 13.0%,13.0,14.0,bank_of_england_iadb,"https://www.bankofengland.co.uk/boeapps/database/_iadb-fromshowcolumns.asp?csv.x=yes&Datefrom=01/Jan/1975&Dateto=now&SeriesCodes=IUDBEDR,IUMBV34,IUMBV37,IUMBV42,IUMBV45,IUM2WTL,IUM5WTL,IUMTLMV&UsingCodes=Y&VPD=Y&VFD=N",rates;monetary_policy;politics_macro,2026-08-10
1979-04-01,boe_bank_rate_change,Bank Rate changed to 12.0%,BoE Bank Rate moved from 13.0% to 12.0%,12.0,13.0,bank_of_england_iadb,"https://www.bankofengland.co.uk/boeapps/database/_iadb-fromshowcolumns.asp?csv.x=yes&Datefrom=01/Jan/1975&Dateto=now&SeriesCodes=IUDBEDR,IUMBV34,IUMBV37,IUMBV42,IUMBV45,IUM2WTL,IUM5WTL,IUMTLMV&UsingCodes=Y&VPD=Y&VFD=N",rates;monetary_policy;politics_macro,2026-08-10
1979-06-01,boe_bank_rate_change,Bank Rate changed to 14.0%,BoE Bank Rate moved from 12.0% to 14.0%,14.0,12.0,bank_of_england_iadb,"https://www.bankofengland.co.uk/boeapps/database/_iadb-fromshowcolumns.asp?csv.x=yes&Datefrom=01/Jan/1975&Dateto=now&SeriesCodes=IUDBEDR,IUMBV34,IUMBV37,IUMBV42,IUMBV45,IUM2WTL,IUM5WTL,IUMTLMV&UsingCodes=Y&VPD=Y&VFD=N",rates;monetary_policy;politics_macro,2026-08-10
1979-11-01,boe_bank_rate_change,Bank Rate changed to 17.0%,BoE Bank Rate moved from 14.0% to 17.0%,17.0,14.0,bank_of_england_iadb,"https://www.bankofengland.co.uk/boeapps/database/_iadb-fromshowcolumns.asp?csv.x=yes&Datefrom=01/Jan/1975&Dateto=now&SeriesCodes=IUDBEDR,IUMBV34,IUMBV37,IUMBV42,IUMBV45,IUM2WTL,IUM5WTL,IUMTLMV&UsingCodes=Y&VPD=Y&VFD=N",rates;monetary_policy;politics_macro,2026-08-10
1980-07-01,boe_bank_rate_change,Bank Rate changed to 16.0%,BoE Bank Rate moved from 17.0% to 16.0%,16.0,17.0,bank_of_england_iadb,"https://www.bankofengland.co.uk/boeapps/database/_iadb-fromshowcolumns.asp?csv.x=yes&Datefrom=01/Jan/1975&Dateto=now&SeriesCodes=IUDBEDR,IUMBV34,IUMBV37,IUMBV42,IUMBV45,IUM2WTL,IUM5WTL,IUMTLMV&UsingCodes=Y&VPD=Y&VFD=N",rates;monetary_policy;politics_macro,2026-08-10
1980-11-01,boe_bank_rate_change,Bank Rate changed to 14.0%,BoE Bank Rate moved from 16.0% to 14.0%,14.0,16.0,bank_of_england_iadb,"https://www.bankofengland.co.uk/boeapps/database/_iadb-fromshowcolumns.asp?csv.x=yes&Datefrom=01/Jan/1975&Dateto=now&SeriesCodes=IUDBEDR,IUMBV34,IUMBV37,IUMBV42,IUMBV45,IUM2WTL,IUM5WTL,IUMTLMV&UsingCodes=Y&VPD=Y&VFD=N",rates;monetary_policy;politics_macro,2026-08-10
1981-03-01,boe_bank_rate_change,Bank Rate changed to 12.0%,BoE Bank Rate moved from 14.0% to 12.0%,12.0,14.0,bank_of_england_iadb,"https://www.bankofengland.co.uk/boeapps/database/_iadb-fromshowcolumns.asp?csv.x=yes&Datefrom=01/Jan/1975&Dateto=now&SeriesCodes=IUDBEDR,IUMBV34,IUMBV37,IUMBV42,IUMBV45,IUM2WTL,IUM5WTL,IUMTLMV&UsingCodes=Y&VPD=Y&VFD=N",rates;monetary_policy;politics_macro,2026-08-10
1981-08-01,boe_bank_rate_change,Bank Rate changed to 12.6875%,BoE Bank Rate moved from 12.0% to 12.6875%,12.6875,12.0,bank_of_england_iadb,"https://www.bankofengland.co.uk/boeapps/database/_iadb-fromshowcolumns.asp?csv.x=yes&Datefrom=01/Jan/1975&Dateto=now&SeriesCodes=IUDBEDR,IUMBV34,IUMBV37,IUMBV42,IUMBV45,IUM2WTL,IUM5WTL,IUMTLMV&UsingCodes=Y&VPD=Y&VFD=N",rates;monetary_policy;politics_macro,2026-08-10
1981-09-01,boe_bank_rate_change,Bank Rate changed to 14.0%,BoE Bank Rate moved from 12.6875% to 14.0%,14.0,12.6875,bank_of_england_iadb,"https://www.bankofengland.co.uk/boeapps/database/_iadb-fromshowcolumns.asp?csv.x=yes&Datefrom=01/Jan/1975&Dateto=now&SeriesCodes=IUDBEDR,IUMBV34,IUMBV37,IUMBV42,IUMBV45,IUM2WTL,IUM5WTL,IUMTLMV&UsingCodes=Y&VPD=Y&VFD=N",rates;monetary_policy;politics_macro,2026-08-10
1981-10-01,boe_bank_rate_change,Bank Rate changed to 15.125%,BoE Bank Rate moved from 14.0% to 15.125%,15.125,14.0,bank_of_england_iadb,"https://www.bankofengland.co.uk/boeapps/database/_iadb-fromshowcolumns.asp?csv.x=yes&Datefrom=01/Jan/1975&Dateto=now&SeriesCodes=IUDBEDR,IUMBV34,IUMBV37,IUMBV42,IUMBV45,IUM2WTL,IUM5WTL,IUMTLMV&UsingCodes=Y&VPD=Y&VFD=N",rates;monetary_policy;politics_macro,2026-08-10
1981-11-01,boe_bank_rate_change,Bank Rate changed to 14.5625%,BoE Bank Rate moved from 15.125% to 14.5625%,14.5625,15.125,bank_of_england_iadb,"https://www.bankofengland.co.uk/boeapps/database/_iadb-fromshowcolumns.asp?csv.x=yes&Datefrom=01/Jan/1975&Dateto=now&SeriesCodes=IUDBEDR,IUMBV34,IUMBV37,IUMBV42,IUMBV45,IUM2WTL,IUM5WTL,IUMTLMV&UsingCodes=Y&VPD=Y&VFD=N",rates;monetary_policy;politics_macro,2026-08-10
1981-12-01,boe_bank_rate_change,Bank Rate changed to 14.375%,BoE Bank Rate moved from 14.5625% to 14.375%,14.375,14.5625,bank_of_england_iadb,"https://www.bankofengland.co.uk/boeapps/database/_iadb-fromshowcolumns.asp?csv.x=yes&Datefrom=01/Jan/1975&Dateto=now&SeriesCodes=IUDBEDR,IUMBV34,IUMBV37,IUMBV42,IUMBV45,IUM2WTL,IUM5WTL,IUMTLMV&UsingCodes=Y&VPD=Y&VFD=N",rates;monetary_policy;politics_macro,2026-08-10
1982-01-01,boe_bank_rate_change,Bank Rate changed to 13.875%,BoE Bank Rate moved from 14.375% to 13.875%,13.875,14.375,bank_of_england_iadb,"https://www.bankofengland.co.uk/boeapps/database/_iadb-fromshowcolumns.asp?csv.x=yes&Datefrom=01/Jan/1975&Dateto=now&SeriesCodes=IUDBEDR,IUMBV34,IUMBV37,IUMBV42,IUMBV45,IUM2WTL,IUM5WTL,IUMTLMV&UsingCodes=Y&VPD=Y&VFD=N",rates;monetary_policy;politics_macro,2026-08-10
1982-02-01,boe_bank_rate_change,Bank Rate changed to 13.625%,BoE Bank Rate moved from 13.875% to 13.625%,13.625,13.875,bank_of_england_iadb,"https://www.bankofengland.co.uk/boeapps/database/_iadb-fromshowcolumns.asp?csv.x=yes&Datefrom=01/Jan/1975&Dateto=now&SeriesCodes=IUDBEDR,IUMBV34,IUMBV37,IUMBV42,IUMBV45,IUM2WTL,IUM5WTL,IUMTLMV&UsingCodes=Y&VPD=Y&VFD=N",rates;monetary_policy;politics_macro,2026-08-10
1982-03-01,boe_bank_rate_change,Bank Rate changed to 13.25%,BoE Bank Rate moved from 13.625% to 13.25%,13.25,13.625,bank_of_england_iadb,"https://www.bankofengland.co.uk/boeapps/database/_iadb-fromshowcolumns.asp?csv.x=yes&Datefrom=01/Jan/1975&Dateto=now&SeriesCodes=IUDBEDR,IUMBV34,IUMBV37,IUMBV42,IUMBV45,IUM2WTL,IUM5WTL,IUMTLMV&UsingCodes=Y&VPD=Y&VFD=N",rates;monetary_policy;politics_macro,2026-08-10
1982-04-01,boe_bank_rate_change,Bank Rate changed to 13.125%,BoE Bank Rate moved from 13.25% to 13.125%,13.125,13.25,bank_of_england_iadb,"https://www.bankofengland.co.uk/boeapps/database/_iadb-fromshowcolumns.asp?csv.x=yes&Datefrom=01/Jan/1975&Dateto=now&SeriesCodes=IUDBEDR,IUMBV34,IUMBV37,IUMBV42,IUMBV45,IUM2WTL,IUM5WTL,IUMTLMV&UsingCodes=Y&VPD=Y&VFD=N",rates;monetary_policy;politics_macro,2026-08-10
1982-06-01,boe_bank_rate_change,Bank Rate changed to 12.625%,BoE Bank Rate moved from 13.125% to 12.625%,12.625,13.125,bank_of_england_iadb,"https://www.bankofengland.co.uk/boeapps/database/_iadb-fromshowcolumns.asp?csv.x=yes&Datefrom=01/Jan/1975&Dateto=now&SeriesCodes=IUDBEDR,IUMBV34,IUMBV37,IUMBV42,IUMBV45,IUM2WTL,IUM5WTL,IUMTLMV&UsingCodes=Y&VPD=Y&VFD=N",rates;monetary_policy;politics_macro,2026-08-10
1982-07-01,boe_bank_rate_change,Bank Rate changed to 11.625%,BoE Bank Rate moved from 12.625% to 11.625%,11.625,12.625,bank_of_england_iadb,"https://www.bankofengland.co.uk/boeapps/database/_iadb-fromshowcolumns.asp?csv.x=yes&Datefrom=01/Jan/1975&Dateto=now&SeriesCodes=IUDBEDR,IUMBV34,IUMBV37,IUMBV42,IUMBV45,IUM2WTL,IUM5WTL,IUMTLMV&UsingCodes=Y&VPD=Y&VFD=N",rates;monetary_policy;politics_macro,2026-08-10
1982-08-01,boe_bank_rate_change,Bank Rate changed to 10.625%,BoE Bank Rate moved from 11.625% to 10.625%,10.625,11.625,bank_of_england_iadb,"https://www.bankofengland.co.uk/boeapps/database/_iadb-fromshowcolumns.asp?csv.x=yes&Datefrom=01/Jan/1975&Dateto=now&SeriesCodes=IUDBEDR,IUMBV34,IUMBV37,IUMBV42,IUMBV45,IUM2WTL,IUM5WTL,IUMTLMV&UsingCodes=Y&VPD=Y&VFD=N",rates;monetary_policy;politics_macro,2026-08-10
1982-09-01,boe_bank_rate_change,Bank Rate changed to 10.125%,BoE Bank Rate moved from 10.625% to 10.125%,10.125,10.625,bank_of_england_iadb,"https://www.bankofengland.co.uk/boeapps/database/_iadb-fromshowcolumns.asp?csv.x=yes&Datefrom=01/Jan/1975&Dateto=now&SeriesCodes=IUDBEDR,IUMBV34,IUMBV37,IUMBV42,IUMBV45,IUM2WTL,IUM5WTL,IUMTLMV&UsingCodes=Y&VPD=Y&VFD=N",rates;monetary_policy;politics_macro,2026-08-10
1982-10-01,boe_bank_rate_change,Bank Rate changed to 9.625%,BoE Bank Rate moved from 10.125% to 9.625%,9.625,10.125,bank_of_england_iadb,"https://www.bankofengland.co.uk/boeapps/database/_iadb-fromshowcolumns.asp?csv.x=yes&Datefrom=01/Jan/1975&Dateto=now&SeriesCodes=IUDBEDR,IUMBV34,IUMBV37,IUMBV42,IUMBV45,IUM2WTL,IUM5WTL,IUMTLMV&UsingCodes=Y&VPD=Y&VFD=N",rates;monetary_policy;politics_macro,2026-08-10
1982-11-01,boe_bank_rate_change,Bank Rate changed to 10.0%,BoE Bank Rate moved from 9.625% to 10.0%,10.0,9.625,bank_of_england_iadb,"https://www.bankofengland.co.uk/boeapps/database/_iadb-fromshowcolumns.asp?csv.x=yes&Datefrom=01/Jan/1975&Dateto=now&SeriesCodes=IUDBEDR,IUMBV34,IUMBV37,IUMBV42,IUMBV45,IUM2WTL,IUM5WTL,IUMTLMV&UsingCodes=Y&VPD=Y&VFD=N",rates;monetary_policy;politics_macro,2026-08-10
1983-01-01,boe_bank_rate_change,Bank Rate changed to 11.0%,BoE Bank Rate moved from 10.0% to 11.0%,11.0,10.0,bank_of_england_iadb,"https://www.bankofengland.co.uk/boeapps/database/_iadb-fromshowcolumns.asp?csv.x=yes&Datefrom=01/Jan/1975&Dateto=now&SeriesCodes=IUDBEDR,IUMBV34,IUMBV37,IUMBV42,IUMBV45,IUM2WTL,IUM5WTL,IUMTLMV&UsingCodes=Y&VPD=Y&VFD=N",rates;monetary_policy;politics_macro,2026-08-10
1983-03-01,boe_bank_rate_change,Bank Rate changed to 10.5625%,BoE Bank Rate moved from 11.0% to 10.5625%,10.5625,11.0,bank_of_england_iadb,"https://www.bankofengland.co.uk/boeapps/database/_iadb-fromshowcolumns.asp?csv.x=yes&Datefrom=01/Jan/1975&Dateto=now&SeriesCodes=IUDBEDR,IUMBV34,IUMBV37,IUMBV42,IUMBV45,IUM2WTL,IUM5WTL,IUMTLMV&UsingCodes=Y&VPD=Y&VFD=N",rates;monetary_policy;politics_macro,2026-08-10
1983-04-01,boe_bank_rate_change,Bank Rate changed to 10.0625%,BoE Bank Rate moved from 10.5625% to 10.0625%,10.0625,10.5625,bank_of_england_iadb,"https://www.bankofengland.co.uk/boeapps/database/_iadb-fromshowcolumns.asp?csv.x=yes&Datefrom=01/Jan/1975&Dateto=now&SeriesCodes=IUDBEDR,IUMBV34,IUMBV37,IUMBV42,IUMBV45,IUM2WTL,IUM5WTL,IUMTLMV&UsingCodes=Y&VPD=Y&VFD=N",rates;monetary_policy;politics_macro,2026-08-10
1983-06-01,boe_bank_rate_change,Bank Rate changed to 9.5625%,BoE Bank Rate moved from 10.0625% to 9.5625%,9.5625,10.0625,bank_of_england_iadb,"https://www.bankofengland.co.uk/boeapps/database/_iadb-fromshowcolumns.asp?csv.x=yes&Datefrom=01/Jan/1975&Dateto=now&SeriesCodes=IUDBEDR,IUMBV34,IUMBV37,IUMBV42,IUMBV45,IUM2WTL,IUM5WTL,IUMTLMV&UsingCodes=Y&VPD=Y&VFD=N",rates;monetary_policy;politics_macro,2026-08-10
1983-10-01,boe_bank_rate_change,Bank Rate changed to 9.0625%,BoE Bank Rate moved from 9.5625% to 9.0625%,9.0625,9.5625,bank_of_england_iadb,"https://www.bankofengland.co.uk/boeapps/database/_iadb-fromshowcolumns.asp?csv.x=yes&Datefrom=01/Jan/1975&Dateto=now&SeriesCodes=IUDBEDR,IUMBV34,IUMBV37,IUMBV42,IUMBV45,IUM2WTL,IUM5WTL,IUMTLMV&UsingCodes=Y&VPD=Y&VFD=N",rates;monetary_policy;politics_macro,2026-08-10
1984-03-01,boe_bank_rate_change,Bank Rate changed to 8.5625%,BoE Bank Rate moved from 9.0625% to 8.5625%,8.5625,9.0625,bank_of_england_iadb,"https://www.bankofengland.co.uk/boeapps/database/_iadb-fromshowcolumns.asp?csv.x=yes&Datefrom=01/Jan/1975&Dateto=now&SeriesCodes=IUDBEDR,IUMBV34,IUMBV37,IUMBV42,IUMBV45,IUM2WTL,IUM5WTL,IUMTLMV&UsingCodes=Y&VPD=Y&VFD=N",rates;monetary_policy;politics_macro,2026-08-10
1984-05-01,boe_bank_rate_change,Bank Rate changed to 9.0625%,BoE Bank Rate moved from 8.5625% to 9.0625%,9.0625,8.5625,bank_of_england_iadb,"https://www.bankofengland.co.uk/boeapps/database/_iadb-fromshowcolumns.asp?csv.x=yes&Datefrom=01/Jan/1975&Dateto=now&SeriesCodes=IUDBEDR,IUMBV34,IUMBV37,IUMBV42,IUMBV45,IUM2WTL,IUM5WTL,IUMTLMV&UsingCodes=Y&VPD=Y&VFD=N",rates;monetary_policy;politics_macro,2026-08-10
1984-06-01,boe_bank_rate_change,Bank Rate changed to 8.875%,BoE Bank Rate moved from 9.0625% to 8.875%,8.875,9.0625,bank_of_england_iadb,"https://www.bankofengland.co.uk/boeapps/database/_iadb-fromshowcolumns.asp?csv.x=yes&Datefrom=01/Jan/1975&Dateto=now&SeriesCodes=IUDBEDR,IUMBV34,IUMBV37,IUMBV42,IUMBV45,IUM2WTL,IUM5WTL,IUMTLMV&UsingCodes=Y&VPD=Y&VFD=N",rates;monetary_policy;politics_macro,2026-08-10
1984-07-01,boe_bank_rate_change,Bank Rate changed to 12.0%,BoE Bank Rate moved from 8.875% to 12.0%,12.0,8.875,bank_of_england_iadb,"https://www.bankofengland.co.uk/boeapps/database/_iadb-fromshowcolumns.asp?csv.x=yes&Datefrom=01/Jan/1975&Dateto=now&SeriesCodes=IUDBEDR,IUMBV34,IUMBV37,IUMBV42,IUMBV45,IUM2WTL,IUM5WTL,IUMTLMV&UsingCodes=Y&VPD=Y&VFD=N",rates;monetary_policy;politics_macro,2026-08-10
1984-08-01,boe_bank_rate_change,Bank Rate changed to 10.5%,BoE Bank Rate moved from 12.0% to 10.5%,10.5,12.0,bank_of_england_iadb,"https://www.bankofengland.co.uk/boeapps/database/_iadb-fromshowcolumns.asp?csv.x=yes&Datefrom=01/Jan/1975&Dateto=now&SeriesCodes=IUDBEDR,IUMBV34,IUMBV37,IUMBV42,IUMBV45,IUM2WTL,IUM5WTL,IUMTLMV&UsingCodes=Y&VPD=Y&VFD=N",rates;monetary_policy;politics_macro,2026-08-10
1984-11-01,boe_bank_rate_change,Bank Rate changed to 9.5%,BoE Bank Rate moved from 10.5% to 9.5%,9.5,10.5,bank_of_england_iadb,"https://www.bankofengland.co.uk/boeapps/database/_iadb-fromshowcolumns.asp?csv.x=yes&Datefrom=01/Jan/1975&Dateto=now&SeriesCodes=IUDBEDR,IUMBV34,IUMBV37,IUMBV42,IUMBV45,IUM2WTL,IUM5WTL,IUMTLMV&UsingCodes=Y&VPD=Y&VFD=N",rates;monetary_policy;politics_macro,2026-08-10
1985-01-01,boe_bank_rate_change,Bank Rate changed to 13.875%,BoE Bank Rate moved from 9.5% to 13.875%,13.875,9.5,bank_of_england_iadb,"https://www.bankofengland.co.uk/boeapps/database/_iadb-fromshowcolumns.asp?csv.x=yes&Datefrom=01/Jan/1975&Dateto=now&SeriesCodes=IUDBEDR,IUMBV34,IUMBV37,IUMBV42,IUMBV45,IUM2WTL,IUM5WTL,IUMTLMV&UsingCodes=Y&VPD=Y&VFD=N",rates;monetary_policy;politics_macro,2026-08-10
1985-03-01,boe_bank_rate_change,Bank Rate changed to 12.875%,BoE Bank Rate moved from 13.875% to 12.875%,12.875,13.875,bank_of_england_iadb,"https://www.bankofengland.co.uk/boeapps/database/_iadb-fromshowcolumns.asp?csv.x=yes&Datefrom=01/Jan/1975&Dateto=now&SeriesCodes=IUDBEDR,IUMBV34,IUMBV37,IUMBV42,IUMBV45,IUM2WTL,IUM5WTL,IUMTLMV&UsingCodes=Y&VPD=Y&VFD=N",rates;monetary_policy;politics_macro,2026-08-10
1985-04-01,boe_bank_rate_change,Bank Rate changed to 12.375%,BoE Bank Rate moved from 12.875% to 12.375%,12.375,12.875,bank_of_england_iadb,"https://www.bankofengland.co.uk/boeapps/database/_iadb-fromshowcolumns.asp?csv.x=yes&Datefrom=01/Jan/1975&Dateto=now&SeriesCodes=IUDBEDR,IUMBV34,IUMBV37,IUMBV42,IUMBV45,IUM2WTL,IUM5WTL,IUMTLMV&UsingCodes=Y&VPD=Y&VFD=N",rates;monetary_policy;politics_macro,2026-08-10
1985-07-01,boe_bank_rate_change,Bank Rate changed to 11.375%,BoE Bank Rate moved from 12.375% to 11.375%,11.375,12.375,bank_of_england_iadb,"https://www.bankofengland.co.uk/boeapps/database/_iadb-fromshowcolumns.asp?csv.x=yes&Datefrom=01/Jan/1975&Dateto=now&SeriesCodes=IUDBEDR,IUMBV34,IUMBV37,IUMBV42,IUMBV45,IUM2WTL,IUM5WTL,IUMTLMV&UsingCodes=Y&VPD=Y&VFD=N",rates;monetary_policy;politics_macro,2026-08-10
1986-01-01,boe_bank_rate_change,Bank Rate changed to 12.375%,BoE Bank Rate moved from 11.375% to 12.375%,12.375,11.375,bank_of_england_iadb,"https://www.bankofengland.co.uk/boeapps/database/_iadb-fromshowcolumns.asp?csv.x=yes&Datefrom=01/Jan/1975&Dateto=now&SeriesCodes=IUDBEDR,IUMBV34,IUMBV37,IUMBV42,IUMBV45,IUM2WTL,IUM5WTL,IUMTLMV&UsingCodes=Y&VPD=Y&VFD=N",rates;monetary_policy;politics_macro,2026-08-10
1986-03-01,boe_bank_rate_change,Bank Rate changed to 11.375%,BoE Bank Rate moved from 12.375% to 11.375%,11.375,12.375,bank_of_england_iadb,"https://www.bankofengland.co.uk/boeapps/database/_iadb-fromshowcolumns.asp?csv.x=yes&Datefrom=01/Jan/1975&Dateto=now&SeriesCodes=IUDBEDR,IUMBV34,IUMBV37,IUMBV42,IUMBV45,IUM2WTL,IUM5WTL,IUMTLMV&UsingCodes=Y&VPD=Y&VFD=N",rates;monetary_policy;politics_macro,2026-08-10
1986-04-01,boe_bank_rate_change,Bank Rate changed to 10.375%,BoE Bank Rate moved from 11.375% to 10.375%,10.375,11.375,bank_of_england_iadb,"https://www.bankofengland.co.uk/boeapps/database/_iadb-fromshowcolumns.asp?csv.x=yes&Datefrom=01/Jan/1975&Dateto=now&SeriesCodes=IUDBEDR,IUMBV34,IUMBV37,IUMBV42,IUMBV45,IUM2WTL,IUM5WTL,IUMTLMV&UsingCodes=Y&VPD=Y&VFD=N",rates;monetary_policy;politics_macro,2026-08-10
1986-05-01,boe_bank_rate_change,Bank Rate changed to 9.875%,BoE Bank Rate moved from 10.375% to 9.875%,9.875,10.375,bank_of_england_iadb,"https://www.bankofengland.co.uk/boeapps/database/_iadb-fromshowcolumns.asp?csv.x=yes&Datefrom=01/Jan/1975&Dateto=now&SeriesCodes=IUDBEDR,IUMBV34,IUMBV37,IUMBV42,IUMBV45,IUM2WTL,IUM5WTL,IUMTLMV&UsingCodes=Y&VPD=Y&VFD=N",rates;monetary_policy;politics_macro,2026-08-10
1986-10-01,boe_bank_rate_change,Bank Rate changed to 10.875%,BoE Bank Rate moved from 9.875% to 10.875%,10.875,9.875,bank_of_england_iadb,"https://www.bankofengland.co.uk/boeapps/database/_iadb-fromshowcolumns.asp?csv.x=yes&Datefrom=01/Jan/1975&Dateto=now&SeriesCodes=IUDBEDR,IUMBV34,IUMBV37,IUMBV42,IUMBV45,IUM2WTL,IUM5WTL,IUMTLMV&UsingCodes=Y&VPD=Y&VFD=N",rates;monetary_policy;politics_macro,2026-08-10
1987-03-01,boe_bank_rate_change,Bank Rate changed to 9.875%,BoE Bank Rate moved from 10.875% to 9.875%,9.875,10.875,bank_of_england_iadb,"https://www.bankofengland.co.uk/boeapps/database/_iadb-fromshowcolumns.asp?csv.x=yes&Datefrom=01/Jan/1975&Dateto=now&SeriesCodes=IUDBEDR,IUMBV34,IUMBV37,IUMBV42,IUMBV45,IUM2WTL,IUM5WTL,IUMTLMV&UsingCodes=Y&VPD=Y&VFD=N",rates;monetary_policy;politics_macro,2026-08-10
1987-04-01,boe_bank_rate_change,Bank Rate changed to 9.375%,BoE Bank Rate moved from 9.875% to 9.375%,9.375,9.875,bank_of_england_iadb,"https://www.bankofengland.co.uk/boeapps/database/_iadb-fromshowcolumns.asp?csv.x=yes&Datefrom=01/Jan/1975&Dateto=now&SeriesCodes=IUDBEDR,IUMBV34,IUMBV37,IUMBV42,IUMBV45,IUM2WTL,IUM5WTL,IUMTLMV&UsingCodes=Y&VPD=Y&VFD=N",rates;monetary_policy;politics_macro,2026-08-10
1987-05-01,boe_bank_rate_change,Bank Rate changed to 8.875%,BoE Bank Rate moved from 9.375% to 8.875%,8.875,9.375,bank_of_england_iadb,"https://www.bankofengland.co.uk/boeapps/database/_iadb-fromshowcolumns.asp?csv.x=yes&Datefrom=01/Jan/1975&Dateto=now&SeriesCodes=IUDBEDR,IUMBV34,IUMBV37,IUMBV42,IUMBV45,IUM2WTL,IUM5WTL,IUMTLMV&UsingCodes=Y&VPD=Y&VFD=N",rates;monetary_policy;politics_macro,2026-08-10
1987-08-01,boe_bank_rate_change,Bank Rate changed to 9.875%,BoE Bank Rate moved from 8.875% to 9.875%,9.875,8.875,bank_of_england_iadb,"https://www.bankofengland.co.uk/boeapps/database/_iadb-fromshowcolumns.asp?csv.x=yes&Datefrom=01/Jan/1975&Dateto=now&SeriesCodes=IUDBEDR,IUMBV34,IUMBV37,IUMBV42,IUMBV45,IUM2WTL,IUM5WTL,IUMTLMV&UsingCodes=Y&VPD=Y&VFD=N",rates;monetary_policy;politics_macro,2026-08-10
1987-10-01,boe_bank_rate_change,Bank Rate changed to 9.375%,BoE Bank Rate moved from 9.875% to 9.375%,9.375,9.875,bank_of_england_iadb,"https://www.bankofengland.co.uk/boeapps/database/_iadb-fromshowcolumns.asp?csv.x=yes&Datefrom=01/Jan/1975&Dateto=now&SeriesCodes=IUDBEDR,IUMBV34,IUMBV37,IUMBV42,IUMBV45,IUM2WTL,IUM5WTL,IUMTLMV&UsingCodes=Y&VPD=Y&VFD=N",rates;monetary_policy;politics_macro,2026-08-10
1987-11-01,boe_bank_rate_change,Bank Rate changed to 8.875%,BoE Bank Rate moved from 9.375% to 8.875%,8.875,9.375,bank_of_england_iadb,"https://www.bankofengland.co.uk/boeapps/database/_iadb-fromshowcolumns.asp?csv.x=yes&Datefrom=01/Jan/1975&Dateto=now&SeriesCodes=IUDBEDR,IUMBV34,IUMBV37,IUMBV42,IUMBV45,IUM2WTL,IUM5WTL,IUMTLMV&UsingCodes=Y&VPD=Y&VFD=N",rates;monetary_policy;politics_macro,2026-08-10
1987-12-01,boe_bank_rate_change,Bank Rate changed to 8.375%,BoE Bank Rate moved from 8.875% to 8.375%,8.375,8.875,bank_of_england_iadb,"https://www.bankofengland.co.uk/boeapps/database/_iadb-fromshowcolumns.asp?csv.x=yes&Datefrom=01/Jan/1975&Dateto=now&SeriesCodes=IUDBEDR,IUMBV34,IUMBV37,IUMBV42,IUMBV45,IUM2WTL,IUM5WTL,IUMTLMV&UsingCodes=Y&VPD=Y&VFD=N",rates;monetary_policy;politics_macro,2026-08-10
1988-02-01,boe_bank_rate_change,Bank Rate changed to 8.875%,BoE Bank Rate moved from 8.375% to 8.875%,8.875,8.375,bank_of_england_iadb,"https://www.bankofengland.co.uk/boeapps/database/_iadb-fromshowcolumns.asp?csv.x=yes&Datefrom=01/Jan/1975&Dateto=now&SeriesCodes=IUDBEDR,IUMBV34,IUMBV37,IUMBV42,IUMBV45,IUM2WTL,IUM5WTL,IUMTLMV&UsingCodes=Y&VPD=Y&VFD=N",rates;monetary_policy;politics_macro,2026-08-10
1988-03-01,boe_bank_rate_change,Bank Rate changed to 8.375%,BoE Bank Rate moved from 8.875% to 8.375%,8.375,8.875,bank_of_england_iadb,"https://www.bankofengland.co.uk/boeapps/database/_iadb-fromshowcolumns.asp?csv.x=yes&Datefrom=01/Jan/1975&Dateto=now&SeriesCodes=IUDBEDR,IUMBV34,IUMBV37,IUMBV42,IUMBV45,IUM2WTL,IUM5WTL,IUMTLMV&UsingCodes=Y&VPD=Y&VFD=N",rates;monetary_policy;politics_macro,2026-08-10
1988-04-01,boe_bank_rate_change,Bank Rate changed to 7.875%,BoE Bank Rate moved from 8.375% to 7.875%,7.875,8.375,bank_of_england_iadb,"https://www.bankofengland.co.uk/boeapps/database/_iadb-fromshowcolumns.asp?csv.x=yes&Datefrom=01/Jan/1975&Dateto=now&SeriesCodes=IUDBEDR,IUMBV34,IUMBV37,IUMBV42,IUMBV45,IUM2WTL,IUM5WTL,IUMTLMV&UsingCodes=Y&VPD=Y&VFD=N",rates;monetary_policy;politics_macro,2026-08-10
1988-05-01,boe_bank_rate_change,Bank Rate changed to 7.375%,BoE Bank Rate moved from 7.875% to 7.375%,7.375,7.875,bank_of_england_iadb,"https://www.bankofengland.co.uk/boeapps/database/_iadb-fromshowcolumns.asp?csv.x=yes&Datefrom=01/Jan/1975&Dateto=now&SeriesCodes=IUDBEDR,IUMBV34,IUMBV37,IUMBV42,IUMBV45,IUM2WTL,IUM5WTL,IUMTLMV&UsingCodes=Y&VPD=Y&VFD=N",rates;monetary_policy;politics_macro,2026-08-10
1988-06-01,boe_bank_rate_change,Bank Rate changed to 8.875%,BoE Bank Rate moved from 7.375% to 8.875%,8.875,7.375,bank_of_england_iadb,"https://www.bankofengland.co.uk/boeapps/database/_iadb-fromshowcolumns.asp?csv.x=yes&Datefrom=01/Jan/1975&Dateto=now&SeriesCodes=IUDBEDR,IUMBV34,IUMBV37,IUMBV42,IUMBV45,IUM2WTL,IUM5WTL,IUMTLMV&UsingCodes=Y&VPD=Y&VFD=N",rates;monetary_policy;politics_macro,2026-08-10
1988-07-01,boe_bank_rate_change,Bank Rate changed to 10.375%,BoE Bank Rate moved from 8.875% to 10.375%,10.375,8.875,bank_of_england_iadb,"https://www.bankofengland.co.uk/boeapps/database/_iadb-fromshowcolumns.asp?csv.x=yes&Datefrom=01/Jan/1975&Dateto=now&SeriesCodes=IUDBEDR,IUMBV34,IUMBV37,IUMBV42,IUMBV45,IUM2WTL,IUM5WTL,IUMTLMV&UsingCodes=Y&VPD=Y&VFD=N",rates;monetary_policy;politics_macro,2026-08-10
1988-08-01,boe_bank_rate_change,Bank Rate changed to 11.875%,BoE Bank Rate moved from 10.375% to 11.875%,11.875,10.375,bank_of_england_iadb,"https://www.bankofengland.co.uk/boeapps/database/_iadb-fromshowcolumns.asp?csv.x=yes&Datefrom=01/Jan/1975&Dateto=now&SeriesCodes=IUDBEDR,IUMBV34,IUMBV37,IUMBV42,IUMBV45,IUM2WTL,IUM5WTL,IUMTLMV&UsingCodes=Y&VPD=Y&VFD=N",rates;monetary_policy;politics_macro,2026-08-10
1988-11-01,boe_bank_rate_change,Bank Rate changed to 12.875%,BoE Bank Rate moved from 11.875% to 12.875%,12.875,11.875,bank_of_england_iadb,"https://www.bankofengland.co.uk/boeapps/database/_iadb-fromshowcolumns.asp?csv.x=yes&Datefrom=01/Jan/1975&Dateto=now&SeriesCodes=IUDBEDR,IUMBV34,IUMBV37,IUMBV42,IUMBV45,IUM2WTL,IUM5WTL,IUMTLMV&UsingCodes=Y&VPD=Y&VFD=N",rates;monetary_policy;politics_macro,2026-08-10
1989-05-01,boe_bank_rate_change,Bank Rate changed to 13.75%,BoE Bank Rate moved from 12.875% to 13.75%,13.75,12.875,bank_of_england_iadb,"https://www.bankofengland.co.uk/boeapps/database/_iadb-fromshowcolumns.asp?csv.x=yes&Datefrom=01/Jan/1975&Dateto=now&SeriesCodes=IUDBEDR,IUMBV34,IUMBV37,IUMBV42,IUMBV45,IUM2WTL,IUM5WTL,IUMTLMV&UsingCodes=Y&VPD=Y&VFD=N",rates;monetary_policy;politics_macro,2026-08-10
1989-08-01,boe_bank_rate_change,Bank Rate changed to 13.8438%,BoE Bank Rate moved from 13.75% to 13.8438%,13.8438,13.75,bank_of_england_iadb,"https://www.bankofengland.co.uk/boeapps/database/_iadb-fromshowcolumns.asp?csv.x=yes&Datefrom=01/Jan/1975&Dateto=now&SeriesCodes=IUDBEDR,IUMBV34,IUMBV37,IUMBV42,IUMBV45,IUM2WTL,IUM5WTL,IUMTLMV&UsingCodes=Y&VPD=Y&VFD=N",rates;monetary_policy;politics_macro,2026-08-10
1989-09-01,boe_bank_rate_change,Bank Rate changed to 13.75%,BoE Bank Rate moved from 13.8438% to 13.75%,13.75,13.8438,bank_of_england_iadb,"https://www.bankofengland.co.uk/boeapps/database/_iadb-fromshowcolumns.asp?csv.x=yes&Datefrom=01/Jan/1975&Dateto=now&SeriesCodes=IUDBEDR,IUMBV34,IUMBV37,IUMBV42,IUMBV45,IUM2WTL,IUM5WTL,IUMTLMV&UsingCodes=Y&VPD=Y&VFD=N",rates;monetary_policy;politics_macro,2026-08-10
1989-10-01,boe_bank_rate_change,Bank Rate changed to 14.875%,BoE Bank Rate moved from 13.75% to 14.875%,14.875,13.75,bank_of_england_iadb,"https://www.bankofengland.co.uk/boeapps/database/_iadb-fromshowcolumns.asp?csv.x=yes&Datefrom=01/Jan/1975&Dateto=now&SeriesCodes=IUDBEDR,IUMBV34,IUMBV37,IUMBV42,IUMBV45,IUM2WTL,IUM5WTL,IUMTLMV&UsingCodes=Y&VPD=Y&VFD=N",rates;monetary_policy;politics_macro,2026-08-10
1990-10-01,boe_bank_rate_change,Bank Rate changed to 13.875%,BoE Bank Rate moved from 14.875% to 13.875%,13.875,14.875,bank_of_england_iadb,"https://www.bankofengland.co.uk/boeapps/database/_iadb-fromshowcolumns.asp?csv.x=yes&Datefrom=01/Jan/1975&Dateto=now&SeriesCodes=IUDBEDR,IUMBV34,IUMBV37,IUMBV42,IUMBV45,IUM2WTL,IUM5WTL,IUMTLMV&UsingCodes=Y&VPD=Y&VFD=N",rates;monetary_policy;politics_macro,2026-08-10
1991-02-01,boe_bank_rate_change,Bank Rate changed to 12.875%,BoE Bank Rate moved from 13.875% to 12.875%,12.875,13.875,bank_of_england_iadb,"https://www.bankofengland.co.uk/boeapps/database/_iadb-fromshowcolumns.asp?csv.x=yes&Datefrom=01/Jan/1975&Dateto=now&SeriesCodes=IUDBEDR,IUMBV34,IUMBV37,IUMBV42,IUMBV45,IUM2WTL,IUM5WTL,IUMTLMV&UsingCodes=Y&VPD=Y&VFD=N",rates;monetary_policy;politics_macro,2026-08-10
1991-03-01,boe_bank_rate_change,Bank Rate changed to 12.375%,BoE Bank Rate moved from 12.875% to 12.375%,12.375,12.875,bank_of_england_iadb,"https://www.bankofengland.co.uk/boeapps/database/_iadb-fromshowcolumns.asp?csv.x=yes&Datefrom=01/Jan/1975&Dateto=now&SeriesCodes=IUDBEDR,IUMBV34,IUMBV37,IUMBV42,IUMBV45,IUM2WTL,IUM5WTL,IUMTLMV&UsingCodes=Y&VPD=Y&VFD=N",rates;monetary_policy;politics_macro,2026-08-10
1991-04-01,boe_bank_rate_change,Bank Rate changed to 11.875%,BoE Bank Rate moved from 12.375% to 11.875%,11.875,12.375,bank_of_england_iadb,"https://www.bankofengland.co.uk/boeapps/database/_iadb-fromshowcolumns.asp?csv.x=yes&Datefrom=01/Jan/1975&Dateto=now&SeriesCodes=IUDBEDR,IUMBV34,IUMBV37,IUMBV42,IUMBV45,IUM2WTL,IUM5WTL,IUMTLMV&UsingCodes=Y&VPD=Y&VFD=N",rates;monetary_policy;politics_macro,2026-08-10
1991-05-01,boe_bank_rate_change,Bank Rate changed to 11.375%,BoE Bank Rate moved from 11.875% to 11.375%,11.375,11.875,bank_of_england_iadb,"https://www.bankofengland.co.uk/boeapps/database/_iadb-fromshowcolumns.asp?csv.x=yes&Datefrom=01/Jan/1975&Dateto=now&SeriesCodes=IUDBEDR,IUMBV34,IUMBV37,IUMBV42,IUMBV45,IUM2WTL,IUM5WTL,IUMTLMV&UsingCodes=Y&VPD=Y&VFD=N",rates;monetary_policy;politics_macro,2026-08-10
1991-07-01,boe_bank_rate_change,Bank Rate changed to 10.875%,BoE Bank Rate moved from 11.375% to 10.875%,10.875,11.375,bank_of_england_iadb,"https://www.bankofengland.co.uk/boeapps/database/_iadb-fromshowcolumns.asp?csv.x=yes&Datefrom=01/Jan/1975&Dateto=now&SeriesCodes=IUDBEDR,IUMBV34,IUMBV37,IUMBV42,IUMBV45,IUM2WTL,IUM5WTL,IUMTLMV&UsingCodes=Y&VPD=Y&VFD=N",rates;monetary_policy;politics_macro,2026-08-10
1991-09-01,boe_bank_rate_change,Bank Rate changed to 10.375%,BoE Bank Rate moved from 10.875% to 10.375%,10.375,10.875,bank_of_england_iadb,"https://www.bankofengland.co.uk/boeapps/database/_iadb-fromshowcolumns.asp?csv.x=yes&Datefrom=01/Jan/1975&Dateto=now&SeriesCodes=IUDBEDR,IUMBV34,IUMBV37,IUMBV42,IUMBV45,IUM2WTL,IUM5WTL,IUMTLMV&UsingCodes=Y&VPD=Y&VFD=N",rates;monetary_policy;politics_macro,2026-08-10
1992-05-01,boe_bank_rate_change,Bank Rate changed to 9.875%,BoE Bank Rate moved from 10.375% to 9.875%,9.875,10.375,bank_of_england_iadb,"https://www.bankofengland.co.uk/boeapps/database/_iadb-fromshowcolumns.asp?csv.x=yes&Datefrom=01/Jan/1975&Dateto=now&SeriesCodes=IUDBEDR,IUMBV34,IUMBV37,IUMBV42,IUMBV45,IUM2WTL,IUM5WTL,IUMTLMV&UsingCodes=Y&VPD=Y&VFD=N",rates;monetary_policy;politics_macro,2026-08-10
1992-09-01,boe_bank_rate_change,Bank Rate changed to 8.875%,BoE Bank Rate moved from 9.875% to 8.875%,8.875,9.875,bank_of_england_iadb,"https://www.bankofengland.co.uk/boeapps/database/_iadb-fromshowcolumns.asp?csv.x=yes&Datefrom=01/Jan/1975&Dateto=now&SeriesCodes=IUDBEDR,IUMBV34,IUMBV37,IUMBV42,IUMBV45,IUM2WTL,IUM5WTL,IUMTLMV&UsingCodes=Y&VPD=Y&VFD=N",rates;monetary_policy;politics_macro,2026-08-10
1992-10-01,boe_bank_rate_change,Bank Rate changed to 7.875%,BoE Bank Rate moved from 8.875% to 7.875%,7.875,8.875,bank_of_england_iadb,"https://www.bankofengland.co.uk/boeapps/database/_iadb-fromshowcolumns.asp?csv.x=yes&Datefrom=01/Jan/1975&Dateto=now&SeriesCodes=IUDBEDR,IUMBV34,IUMBV37,IUMBV42,IUMBV45,IUM2WTL,IUM5WTL,IUMTLMV&UsingCodes=Y&VPD=Y&VFD=N",rates;monetary_policy;politics_macro,2026-08-10
1992-11-01,boe_bank_rate_change,Bank Rate changed to 6.875%,BoE Bank Rate moved from 7.875% to 6.875%,6.875,7.875,bank_of_england_iadb,"https://www.bankofengland.co.uk/boeapps/database/_iadb-fromshowcolumns.asp?csv.x=yes&Datefrom=01/Jan/1975&Dateto=now&SeriesCodes=IUDBEDR,IUMBV34,IUMBV37,IUMBV42,IUMBV45,IUM2WTL,IUM5WTL,IUMTLMV&UsingCodes=Y&VPD=Y&VFD=N",rates;monetary_policy;politics_macro,2026-08-10
1993-01-01,boe_bank_rate_change,Bank Rate changed to 5.875%,BoE Bank Rate moved from 6.875% to 5.875%,5.875,6.875,bank_of_england_iadb,"https://www.bankofengland.co.uk/boeapps/database/_iadb-fromshowcolumns.asp?csv.x=yes&Datefrom=01/Jan/1975&Dateto=now&SeriesCodes=IUDBEDR,IUMBV34,IUMBV37,IUMBV42,IUMBV45,IUM2WTL,IUM5WTL,IUMTLMV&UsingCodes=Y&VPD=Y&VFD=N",rates;monetary_policy;politics_macro,2026-08-10
1993-11-01,boe_bank_rate_change,Bank Rate changed to 5.375%,BoE Bank Rate moved from 5.875% to 5.375%,5.375,5.875,bank_of_england_iadb,"https://www.bankofengland.co.uk/boeapps/database/_iadb-fromshowcolumns.asp?csv.x=yes&Datefrom=01/Jan/1975&Dateto=now&SeriesCodes=IUDBEDR,IUMBV34,IUMBV37,IUMBV42,IUMBV45,IUM2WTL,IUM5WTL,IUMTLMV&UsingCodes=Y&VPD=Y&VFD=N",rates;monetary_policy;politics_macro,2026-08-10
1994-02-01,boe_bank_rate_change,Bank Rate changed to 5.125%,BoE Bank Rate moved from 5.375% to 5.125%,5.125,5.375,bank_of_england_iadb,"https://www.bankofengland.co.uk/boeapps/database/_iadb-fromshowcolumns.asp?csv.x=yes&Datefrom=01/Jan/1975&Dateto=now&SeriesCodes=IUDBEDR,IUMBV34,IUMBV37,IUMBV42,IUMBV45,IUM2WTL,IUM5WTL,IUMTLMV&UsingCodes=Y&VPD=Y&VFD=N",rates;monetary_policy;politics_macro,2026-08-10
1994-09-01,boe_bank_rate_change,Bank Rate changed to 5.625%,BoE Bank Rate moved from 5.125% to 5.625%,5.625,5.125,bank_of_england_iadb,"https://www.bankofengland.co.uk/boeapps/database/_iadb-fromshowcolumns.asp?csv.x=yes&Datefrom=01/Jan/1975&Dateto=now&SeriesCodes=IUDBEDR,IUMBV34,IUMBV37,IUMBV42,IUMBV45,IUM2WTL,IUM5WTL,IUMTLMV&UsingCodes=Y&VPD=Y&VFD=N",rates;monetary_policy;politics_macro,2026-08-10
1994-12-01,boe_bank_rate_change,Bank Rate changed to 6.125%,BoE Bank Rate moved from 5.625% to 6.125%,6.125,5.625,bank_of_england_iadb,"https://www.bankofengland.co.uk/boeapps/database/_iadb-fromshowcolumns.asp?csv.x=yes&Datefrom=01/Jan/1975&Dateto=now&SeriesCodes=IUDBEDR,IUMBV34,IUMBV37,IUMBV42,IUMBV45,IUM2WTL,IUM5WTL,IUMTLMV&UsingCodes=Y&VPD=Y&VFD=N",rates;monetary_policy;politics_macro,2026-08-10
1995-02-01,boe_bank_rate_change,Bank Rate changed to 6.625%,BoE Bank Rate moved from 6.125% to 6.625%,6.625,6.125,bank_of_england_iadb,"https://www.bankofengland.co.uk/boeapps/database/_iadb-fromshowcolumns.asp?csv.x=yes&Datefrom=01/Jan/1975&Dateto=now&SeriesCodes=IUDBEDR,IUMBV34,IUMBV37,IUMBV42,IUMBV45,IUM2WTL,IUM5WTL,IUMTLMV&UsingCodes=Y&VPD=Y&VFD=N",rates;monetary_policy;politics_macro,2026-08-10
1995-12-01,boe_bank_rate_change,Bank Rate changed to 6.375%,BoE Bank Rate moved from 6.625% to 6.375%,6.375,6.625,bank_of_england_iadb,"https://www.bankofengland.co.uk/boeapps/database/_iadb-fromshowcolumns.asp?csv.x=yes&Datefrom=01/Jan/1975&Dateto=now&SeriesCodes=IUDBEDR,IUMBV34,IUMBV37,IUMBV42,IUMBV45,IUM2WTL,IUM5WTL,IUMTLMV&UsingCodes=Y&VPD=Y&VFD=N",rates;monetary_policy;politics_macro,2026-08-10
1996-01-01,boe_bank_rate_change,Bank Rate changed to 6.125%,BoE Bank Rate moved from 6.375% to 6.125%,6.125,6.375,bank_of_england_iadb,"https://www.bankofengland.co.uk/boeapps/database/_iadb-fromshowcolumns.asp?csv.x=yes&Datefrom=01/Jan/1975&Dateto=now&SeriesCodes=IUDBEDR,IUMBV34,IUMBV37,IUMBV42,IUMBV45,IUM2WTL,IUM5WTL,IUMTLMV&UsingCodes=Y&VPD=Y&VFD=N",rates;monetary_policy;politics_macro,2026-08-10
1996-03-01,boe_bank_rate_change,Bank Rate changed to 5.9375%,BoE Bank Rate moved from 6.125% to 5.9375%,5.9375,6.125,bank_of_england_iadb,"https://www.bankofengland.co.uk/boeapps/database/_iadb-fromshowcolumns.asp?csv.x=yes&Datefrom=01/Jan/1975&Dateto=now&SeriesCodes=IUDBEDR,IUMBV34,IUMBV37,IUMBV42,IUMBV45,IUM2WTL,IUM5WTL,IUMTLMV&UsingCodes=Y&VPD=Y&VFD=N",rates;monetary_policy;politics_macro,2026-08-10
1996-06-01,boe_bank_rate_change,Bank Rate changed to 5.6875%,BoE Bank Rate moved from 5.9375% to 5.6875%,5.6875,5.9375,bank_of_england_iadb,"https://www.bankofengland.co.uk/boeapps/database/_iadb-fromshowcolumns.asp?csv.x=yes&Datefrom=01/Jan/1975&Dateto=now&SeriesCodes=IUDBEDR,IUMBV34,IUMBV37,IUMBV42,IUMBV45,IUM2WTL,IUM5WTL,IUMTLMV&UsingCodes=Y&VPD=Y&VFD=N",rates;monetary_policy;politics_macro,2026-08-10
1996-10-01,boe_bank_rate_change,Bank Rate changed to 5.9375%,BoE Bank Rate moved from 5.6875% to 5.9375%,5.9375,5.6875,bank_of_england_iadb,"https://www.bankofengland.co.uk/boeapps/database/_iadb-fromshowcolumns.asp?csv.x=yes&Datefrom=01/Jan/1975&Dateto=now&SeriesCodes=IUDBEDR,IUMBV34,IUMBV37,IUMBV42,IUMBV45,IUM2WTL,IUM5WTL,IUMTLMV&UsingCodes=Y&VPD=Y&VFD=N",rates;monetary_policy;politics_macro,2026-08-10
1997-05-01,boe_bank_rate_change,Bank Rate changed to 6.25%,BoE Bank Rate moved from 5.9375% to 6.25%,6.25,5.9375,bank_of_england_iadb,"https://www.bankofengland.co.uk/boeapps/database/_iadb-fromshowcolumns.asp?csv.x=yes&Datefrom=01/Jan/1975&Dateto=now&SeriesCodes=IUDBEDR,IUMBV34,IUMBV37,IUMBV42,IUMBV45,IUM2WTL,IUM5WTL,IUMTLMV&UsingCodes=Y&VPD=Y&VFD=N",rates;monetary_policy;politics_macro,2026-08-10
1997-06-01,boe_bank_rate_change,Bank Rate changed to 6.5%,BoE Bank Rate moved from 6.25% to 6.5%,6.5,6.25,bank_of_england_iadb,"https://www.bankofengland.co.uk/boeapps/database/_iadb-fromshowcolumns.asp?csv.x=yes&Datefrom=01/Jan/1975&Dateto=now&SeriesCodes=IUDBEDR,IUMBV34,IUMBV37,IUMBV42,IUMBV45,IUM2WTL,IUM5WTL,IUMTLMV&UsingCodes=Y&VPD=Y&VFD=N",rates;monetary_policy;politics_macro,2026-08-10
1997-07-01,boe_bank_rate_change,Bank Rate changed to 6.75%,BoE Bank Rate moved from 6.5% to 6.75%,6.75,6.5,bank_of_england_iadb,"https://www.bankofengland.co.uk/boeapps/database/_iadb-fromshowcolumns.asp?csv.x=yes&Datefrom=01/Jan/1975&Dateto=now&SeriesCodes=IUDBEDR,IUMBV34,IUMBV37,IUMBV42,IUMBV45,IUM2WTL,IUM5WTL,IUMTLMV&UsingCodes=Y&VPD=Y&VFD=N",rates;monetary_policy;politics_macro,2026-08-10
1997-08-01,boe_bank_rate_change,Bank Rate changed to 7.0%,BoE Bank Rate moved from 6.75% to 7.0%,7.0,6.75,bank_of_england_iadb,"https://www.bankofengland.co.uk/boeapps/database/_iadb-fromshowcolumns.asp?csv.x=yes&Datefrom=01/Jan/1975&Dateto=now&SeriesCodes=IUDBEDR,IUMBV34,IUMBV37,IUMBV42,IUMBV45,IUM2WTL,IUM5WTL,IUMTLMV&UsingCodes=Y&VPD=Y&VFD=N",rates;monetary_policy;politics_macro,2026-08-10
1997-11-01,boe_bank_rate_change,Bank Rate changed to 7.25%,BoE Bank Rate moved from 7.0% to 7.25%,7.25,7.0,bank_of_england_iadb,"https://www.bankofengland.co.uk/boeapps/database/_iadb-fromshowcolumns.asp?csv.x=yes&Datefrom=01/Jan/1975&Dateto=now&SeriesCodes=IUDBEDR,IUMBV34,IUMBV37,IUMBV42,IUMBV45,IUM2WTL,IUM5WTL,IUMTLMV&UsingCodes=Y&VPD=Y&VFD=N",rates;monetary_policy;politics_macro,2026-08-10
1998-06-01,boe_bank_rate_change,Bank Rate changed to 7.5%,BoE Bank Rate moved from 7.25% to 7.5%,7.5,7.25,bank_of_england_iadb,"https://www.bankofengland.co.uk/boeapps/database/_iadb-fromshowcolumns.asp?csv.x=yes&Datefrom=01/Jan/1975&Dateto=now&SeriesCodes=IUDBEDR,IUMBV34,IUMBV37,IUMBV42,IUMBV45,IUM2WTL,IUM5WTL,IUMTLMV&UsingCodes=Y&VPD=Y&VFD=N",rates;monetary_policy;politics_macro,2026-08-10
1998-10-01,boe_bank_rate_change,Bank Rate changed to 7.25%,BoE Bank Rate moved from 7.5% to 7.25%,7.25,7.5,bank_of_england_iadb,"https://www.bankofengland.co.uk/boeapps/database/_iadb-fromshowcolumns.asp?csv.x=yes&Datefrom=01/Jan/1975&Dateto=now&SeriesCodes=IUDBEDR,IUMBV34,IUMBV37,IUMBV42,IUMBV45,IUM2WTL,IUM5WTL,IUMTLMV&UsingCodes=Y&VPD=Y&VFD=N",rates;monetary_policy;politics_macro,2026-08-10
1998-11-01,boe_bank_rate_change,Bank Rate changed to 6.75%,BoE Bank Rate moved from 7.25% to 6.75%,6.75,7.25,bank_of_england_iadb,"https://www.bankofengland.co.uk/boeapps/database/_iadb-fromshowcolumns.asp?csv.x=yes&Datefrom=01/Jan/1975&Dateto=now&SeriesCodes=IUDBEDR,IUMBV34,IUMBV37,IUMBV42,IUMBV45,IUM2WTL,IUM5WTL,IUMTLMV&UsingCodes=Y&VPD=Y&VFD=N",rates;monetary_policy;politics_macro,2026-08-10
1998-12-01,boe_bank_rate_change,Bank Rate changed to 6.25%,BoE Bank Rate moved from 6.75% to 6.25%,6.25,6.75,bank_of_england_iadb,"https://www.bankofengland.co.uk/boeapps/database/_iadb-fromshowcolumns.asp?csv.x=yes&Datefrom=01/Jan/1975&Dateto=now&SeriesCodes=IUDBEDR,IUMBV34,IUMBV37,IUMBV42,IUMBV45,IUM2WTL,IUM5WTL,IUMTLMV&UsingCodes=Y&VPD=Y&VFD=N",rates;monetary_policy;politics_macro,2026-08-10
1999-01-01,boe_bank_rate_change,Bank Rate changed to 6.0%,BoE Bank Rate moved from 6.25% to 6.0%,6.0,6.25,bank_of_england_iadb,"https://www.bankofengland.co.uk/boeapps/database/_iadb-fromshowcolumns.asp?csv.x=yes&Datefrom=01/Jan/1975&Dateto=now&SeriesCodes=IUDBEDR,IUMBV34,IUMBV37,IUMBV42,IUMBV45,IUM2WTL,IUM5WTL,IUMTLMV&UsingCodes=Y&VPD=Y&VFD=N",rates;monetary_policy;politics_macro,2026-08-10
1999-02-01,boe_bank_rate_change,Bank Rate changed to 5.5%,BoE Bank Rate moved from 6.0% to 5.5%,5.5,6.0,bank_of_england_iadb,"https://www.bankofengland.co.uk/boeapps/database/_iadb-fromshowcolumns.asp?csv.x=yes&Datefrom=01/Jan/1975&Dateto=now&SeriesCodes=IUDBEDR,IUMBV34,IUMBV37,IUMBV42,IUMBV45,IUM2WTL,IUM5WTL,IUMTLMV&UsingCodes=Y&VPD=Y&VFD=N",rates;monetary_policy;politics_macro,2026-08-10
1999-04-01,boe_bank_rate_change,Bank Rate changed to 5.25%,BoE Bank Rate moved from 5.5% to 5.25%,5.25,5.5,bank_of_england_iadb,"https://www.bankofengland.co.uk/boeapps/database/_iadb-fromshowcolumns.asp?csv.x=yes&Datefrom=01/Jan/1975&Dateto=now&SeriesCodes=IUDBEDR,IUMBV34,IUMBV37,IUMBV42,IUMBV45,IUM2WTL,IUM5WTL,IUMTLMV&UsingCodes=Y&VPD=Y&VFD=N",rates;monetary_policy;politics_macro,2026-08-10
1999-06-01,boe_bank_rate_change,Bank Rate changed to 5.0%,BoE Bank Rate moved from 5.25% to 5.0%,5.0,5.25,bank_of_england_iadb,"https://www.bankofengland.co.uk/boeapps/database/_iadb-fromshowcolumns.asp?csv.x=yes&Datefrom=01/Jan/1975&Dateto=now&SeriesCodes=IUDBEDR,IUMBV34,IUMBV37,IUMBV42,IUMBV45,IUM2WTL,IUM5WTL,IUMTLMV&UsingCodes=Y&VPD=Y&VFD=N",rates;monetary_policy;politics_macro,2026-08-10
1999-09-01,boe_bank_rate_change,Bank Rate changed to 5.25%,BoE Bank Rate moved from 5.0% to 5.25%,5.25,5.0,bank_of_england_iadb,"https://www.bankofengland.co.uk/boeapps/database/_iadb-fromshowcolumns.asp?csv.x=yes&Datefrom=01/Jan/1975&Dateto=now&SeriesCodes=IUDBEDR,IUMBV34,IUMBV37,IUMBV42,IUMBV45,IUM2WTL,IUM5WTL,IUMTLMV&UsingCodes=Y&VPD=Y&VFD=N",rates;monetary_policy;politics_macro,2026-08-10
1999-11-01,boe_bank_rate_change,Bank Rate changed to 5.5%,BoE Bank Rate moved from 5.25% to 5.5%,5.5,5.25,bank_of_england_iadb,"https://www.bankofengland.co.uk/boeapps/database/_iadb-fromshowcolumns.asp?csv.x=yes&Datefrom=01/Jan/1975&Dateto=now&SeriesCodes=IUDBEDR,IUMBV34,IUMBV37,IUMBV42,IUMBV45,IUM2WTL,IUM5WTL,IUMTLMV&UsingCodes=Y&VPD=Y&VFD=N",rates;monetary_policy;politics_macro,2026-08-10
2000-01-01,boe_bank_rate_change,Bank Rate changed to 5.75%,BoE Bank Rate moved from 5.5% to 5.75%,5.75,5.5,bank_of_england_iadb,"https://www.bankofengland.co.uk/boeapps/database/_iadb-fromshowcolumns.asp?csv.x=yes&Datefrom=01/Jan/1975&Dateto=now&SeriesCodes=IUDBEDR,IUMBV34,IUMBV37,IUMBV42,IUMBV45,IUM2WTL,IUM5WTL,IUMTLMV&UsingCodes=Y&VPD=Y&VFD=N",rates;monetary_policy;politics_macro,2026-08-10
2000-02-01,boe_bank_rate_change,Bank Rate changed to 6.0%,BoE Bank Rate moved from 5.75% to 6.0%,6.0,5.75,bank_of_england_iadb,"https://www.bankofengland.co.uk/boeapps/database/_iadb-fromshowcolumns.asp?csv.x=yes&Datefrom=01/Jan/1975&Dateto=now&SeriesCodes=IUDBEDR,IUMBV34,IUMBV37,IUMBV42,IUMBV45,IUM2WTL,IUM5WTL,IUMTLMV&UsingCodes=Y&VPD=Y&VFD=N",rates;monetary_policy;politics_macro,2026-08-10
2001-02-01,boe_bank_rate_change,Bank Rate changed to 5.75%,BoE Bank Rate moved from 6.0% to 5.75%,5.75,6.0,bank_of_england_iadb,"https://www.bankofengland.co.uk/boeapps/database/_iadb-fromshowcolumns.asp?csv.x=yes&Datefrom=01/Jan/1975&Dateto=now&SeriesCodes=IUDBEDR,IUMBV34,IUMBV37,IUMBV42,IUMBV45,IUM2WTL,IUM5WTL,IUMTLMV&UsingCodes=Y&VPD=Y&VFD=N",rates;monetary_policy;politics_macro,2026-08-10
2001-04-01,boe_bank_rate_change,Bank Rate changed to 5.5%,BoE Bank Rate moved from 5.75% to 5.5%,5.5,5.75,bank_of_england_iadb,"https://www.bankofengland.co.uk/boeapps/database/_iadb-fromshowcolumns.asp?csv.x=yes&Datefrom=01/Jan/1975&Dateto=now&SeriesCodes=IUDBEDR,IUMBV34,IUMBV37,IUMBV42,IUMBV45,IUM2WTL,IUM5WTL,IUMTLMV&UsingCodes=Y&VPD=Y&VFD=N",rates;monetary_policy;politics_macro,2026-08-10
2001-05-01,boe_bank_rate_change,Bank Rate changed to 5.25%,BoE Bank Rate moved from 5.5% to 5.25%,5.25,5.5,bank_of_england_iadb,"https://www.bankofengland.co.uk/boeapps/database/_iadb-fromshowcolumns.asp?csv.x=yes&Datefrom=01/Jan/1975&Dateto=now&SeriesCodes=IUDBEDR,IUMBV34,IUMBV37,IUMBV42,IUMBV45,IUM2WTL,IUM5WTL,IUMTLMV&UsingCodes=Y&VPD=Y&VFD=N",rates;monetary_policy;politics_macro,2026-08-10
2001-08-01,boe_bank_rate_change,Bank Rate changed to 5.0%,BoE Bank Rate moved from 5.25% to 5.0%,5.0,5.25,bank_of_england_iadb,"https://www.bankofengland.co.uk/boeapps/database/_iadb-fromshowcolumns.asp?csv.x=yes&Datefrom=01/Jan/1975&Dateto=now&SeriesCodes=IUDBEDR,IUMBV34,IUMBV37,IUMBV42,IUMBV45,IUM2WTL,IUM5WTL,IUMTLMV&UsingCodes=Y&VPD=Y&VFD=N",rates;monetary_policy;politics_macro,2026-08-10
2001-09-01,boe_bank_rate_change,Bank Rate changed to 4.75%,BoE Bank Rate moved from 5.0% to 4.75%,4.75,5.0,bank_of_england_iadb,"https://www.bankofengland.co.uk/boeapps/database/_iadb-fromshowcolumns.asp?csv.x=yes&Datefrom=01/Jan/1975&Dateto=now&SeriesCodes=IUDBEDR,IUMBV34,IUMBV37,IUMBV42,IUMBV45,IUM2WTL,IUM5WTL,IUMTLMV&UsingCodes=Y&VPD=Y&VFD=N",rates;monetary_policy;politics_macro,2026-08-10
2001-10-01,boe_bank_rate_change,Bank Rate changed to 4.5%,BoE Bank Rate moved from 4.75% to 4.5%,4.5,4.75,bank_of_england_iadb,"https://www.bankofengland.co.uk/boeapps/database/_iadb-fromshowcolumns.asp?csv.x=yes&Datefrom=01/Jan/1975&Dateto=now&SeriesCodes=IUDBEDR,IUMBV34,IUMBV37,IUMBV42,IUMBV45,IUM2WTL,IUM5WTL,IUMTLMV&UsingCodes=Y&VPD=Y&VFD=N",rates;monetary_policy;politics_macro,2026-08-10
2001-11-01,boe_bank_rate_change,Bank Rate changed to 4.0%,BoE Bank Rate moved from 4.5% to 4.0%,4.0,4.5,bank_of_england_iadb,"https://www.bankofengland.co.uk/boeapps/database/_iadb-fromshowcolumns.asp?csv.x=yes&Datefrom=01/Jan/1975&Dateto=now&SeriesCodes=IUDBEDR,IUMBV34,IUMBV37,IUMBV42,IUMBV45,IUM2WTL,IUM5WTL,IUMTLMV&UsingCodes=Y&VPD=Y&VFD=N",rates;monetary_policy;politics_macro,2026-08-10
2003-02-01,boe_bank_rate_change,Bank Rate changed to 3.75%,BoE Bank Rate moved from 4.0% to 3.75%,3.75,4.0,bank_of_england_iadb,"https://www.bankofengland.co.uk/boeapps/database/_iadb-fromshowcolumns.asp?csv.x=yes&Datefrom=01/Jan/1975&Dateto=now&SeriesCodes=IUDBEDR,IUMBV34,IUMBV37,IUMBV42,IUMBV45,IUM2WTL,IUM5WTL,IUMTLMV&UsingCodes=Y&VPD=Y&VFD=N",rates;monetary_policy;politics_macro,2026-08-10
2003-07-01,boe_bank_rate_change,Bank Rate changed to 3.5%,BoE Bank Rate moved from 3.75% to 3.5%,3.5,3.75,bank_of_england_iadb,"https://www.bankofengland.co.uk/boeapps/database/_iadb-fromshowcolumns.asp?csv.x=yes&Datefrom=01/Jan/1975&Dateto=now&SeriesCodes=IUDBEDR,IUMBV34,IUMBV37,IUMBV42,IUMBV45,IUM2WTL,IUM5WTL,IUMTLMV&UsingCodes=Y&VPD=Y&VFD=N",rates;monetary_policy;politics_macro,2026-08-10
2003-11-01,boe_bank_rate_change,Bank Rate changed to 3.75%,BoE Bank Rate moved from 3.5% to 3.75%,3.75,3.5,bank_of_england_iadb,"https://www.bankofengland.co.uk/boeapps/database/_iadb-fromshowcolumns.asp?csv.x=yes&Datefrom=01/Jan/1975&Dateto=now&SeriesCodes=IUDBEDR,IUMBV34,IUMBV37,IUMBV42,IUMBV45,IUM2WTL,IUM5WTL,IUMTLMV&UsingCodes=Y&VPD=Y&VFD=N",rates;monetary_policy;politics_macro,2026-08-10
2004-02-01,boe_bank_rate_change,Bank Rate changed to 4.0%,BoE Bank Rate moved from 3.75% to 4.0%,4.0,3.75,bank_of_england_iadb,"https://www.bankofengland.co.uk/boeapps/database/_iadb-fromshowcolumns.asp?csv.x=yes&Datefrom=01/Jan/1975&Dateto=now&SeriesCodes=IUDBEDR,IUMBV34,IUMBV37,IUMBV42,IUMBV45,IUM2WTL,IUM5WTL,IUMTLMV&UsingCodes=Y&VPD=Y&VFD=N",rates;monetary_policy;politics_macro,2026-08-10
2004-05-01,boe_bank_rate_change,Bank Rate changed to 4.25%,BoE Bank Rate moved from 4.0% to 4.25%,4.25,4.0,bank_of_england_iadb,"https://www.bankofengland.co.uk/boeapps/database/_iadb-fromshowcolumns.asp?csv.x=yes&Datefrom=01/Jan/1975&Dateto=now&SeriesCodes=IUDBEDR,IUMBV34,IUMBV37,IUMBV42,IUMBV45,IUM2WTL,IUM5WTL,IUMTLMV&UsingCodes=Y&VPD=Y&VFD=N",rates;monetary_policy;politics_macro,2026-08-10
2004-06-01,boe_bank_rate_change,Bank Rate changed to 4.5%,BoE Bank Rate moved from 4.25% to 4.5%,4.5,4.25,bank_of_england_iadb,"https://www.bankofengland.co.uk/boeapps/database/_iadb-fromshowcolumns.asp?csv.x=yes&Datefrom=01/Jan/1975&Dateto=now&SeriesCodes=IUDBEDR,IUMBV34,IUMBV37,IUMBV42,IUMBV45,IUM2WTL,IUM5WTL,IUMTLMV&UsingCodes=Y&VPD=Y&VFD=N",rates;monetary_policy;politics_macro,2026-08-10
2004-08-01,boe_bank_rate_change,Bank Rate changed to 4.75%,BoE Bank Rate moved from 4.5% to 4.75%,4.75,4.5,bank_of_england_iadb,"https://www.bankofengland.co.uk/boeapps/database/_iadb-fromshowcolumns.asp?csv.x=yes&Datefrom=01/Jan/1975&Dateto=now&SeriesCodes=IUDBEDR,IUMBV34,IUMBV37,IUMBV42,IUMBV45,IUM2WTL,IUM5WTL,IUMTLMV&UsingCodes=Y&VPD=Y&VFD=N",rates;monetary_policy;politics_macro,2026-08-10
2005-08-01,boe_bank_rate_change,Bank Rate changed to 4.5%,BoE Bank Rate moved from 4.75% to 4.5%,4.5,4.75,bank_of_england_iadb,"https://www.bankofengland.co.uk/boeapps/database/_iadb-fromshowcolumns.asp?csv.x=yes&Datefrom=01/Jan/1975&Dateto=now&SeriesCodes=IUDBEDR,IUMBV34,IUMBV37,IUMBV42,IUMBV45,IUM2WTL,IUM5WTL,IUMTLMV&UsingCodes=Y&VPD=Y&VFD=N",rates;monetary_policy;politics_macro,2026-08-10
2006-08-01,boe_bank_rate_change,Bank Rate changed to 4.75%,BoE Bank Rate moved from 4.5% to 4.75%,4.75,4.5,bank_of_england_iadb,"https://www.bankofengland.co.uk/boeapps/database/_iadb-fromshowcolumns.asp?csv.x=yes&Datefrom=01/Jan/1975&Dateto=now&SeriesCodes=IUDBEDR,IUMBV34,IUMBV37,IUMBV42,IUMBV45,IUM2WTL,IUM5WTL,IUMTLMV&UsingCodes=Y&VPD=Y&VFD=N",rates;monetary_policy;politics_macro,2026-08-10
2006-11-01,boe_bank_rate_change,Bank Rate changed to 5.0%,BoE Bank Rate moved from 4.75% to 5.0%,5.0,4.75,bank_of_england_iadb,"https://www.bankofengland.co.uk/boeapps/database/_iadb-fromshowcolumns.asp?csv.x=yes&Datefrom=01/Jan/1975&Dateto=now&SeriesCodes=IUDBEDR,IUMBV34,IUMBV37,IUMBV42,IUMBV45,IUM2WTL,IUM5WTL,IUMTLMV&UsingCodes=Y&VPD=Y&VFD=N",rates;monetary_policy;politics_macro,2026-08-10
2007-01-01,boe_bank_rate_change,Bank Rate changed to 5.25%,BoE Bank Rate moved from 5.0% to 5.25%,5.25,5.0,bank_of_england_iadb,"https://www.bankofengland.co.uk/boeapps/database/_iadb-fromshowcolumns.asp?csv.x=yes&Datefrom=01/Jan/1975&Dateto=now&SeriesCodes=IUDBEDR,IUMBV34,IUMBV37,IUMBV42,IUMBV45,IUM2WTL,IUM5WTL,IUMTLMV&UsingCodes=Y&VPD=Y&VFD=N",rates;monetary_policy;politics_macro,2026-08-10
2007-05-01,boe_bank_rate_change,Bank Rate changed to 5.5%,BoE Bank Rate moved from 5.25% to 5.5%,5.5,5.25,bank_of_england_iadb,"https://www.bankofengland.co.uk/boeapps/database/_iadb-fromshowcolumns.asp?csv.x=yes&Datefrom=01/Jan/1975&Dateto=now&SeriesCodes=IUDBEDR,IUMBV34,IUMBV37,IUMBV42,IUMBV45,IUM2WTL,IUM5WTL,IUMTLMV&UsingCodes=Y&VPD=Y&VFD=N",rates;monetary_policy;politics_macro,2026-08-10
2007-07-01,boe_bank_rate_change,Bank Rate changed to 5.75%,BoE Bank Rate moved from 5.5% to 5.75%,5.75,5.5,bank_of_england_iadb,"https://www.bankofengland.co.uk/boeapps/database/_iadb-fromshowcolumns.asp?csv.x=yes&Datefrom=01/Jan/1975&Dateto=now&SeriesCodes=IUDBEDR,IUMBV34,IUMBV37,IUMBV42,IUMBV45,IUM2WTL,IUM5WTL,IUMTLMV&UsingCodes=Y&VPD=Y&VFD=N",rates;monetary_policy;politics_macro,2026-08-10
2007-12-01,boe_bank_rate_change,Bank Rate changed to 5.5%,BoE Bank Rate moved from 5.75% to 5.5%,5.5,5.75,bank_of_england_iadb,"https://www.bankofengland.co.uk/boeapps/database/_iadb-fromshowcolumns.asp?csv.x=yes&Datefrom=01/Jan/1975&Dateto=now&SeriesCodes=IUDBEDR,IUMBV34,IUMBV37,IUMBV42,IUMBV45,IUM2WTL,IUM5WTL,IUMTLMV&UsingCodes=Y&VPD=Y&VFD=N",rates;monetary_policy;politics_macro,2026-08-10
2008-02-01,boe_bank_rate_change,Bank Rate changed to 5.25%,BoE Bank Rate moved from 5.5% to 5.25%,5.25,5.5,bank_of_england_iadb,"https://www.bankofengland.co.uk/boeapps/database/_iadb-fromshowcolumns.asp?csv.x=yes&Datefrom=01/Jan/1975&Dateto=now&SeriesCodes=IUDBEDR,IUMBV34,IUMBV37,IUMBV42,IUMBV45,IUM2WTL,IUM5WTL,IUMTLMV&UsingCodes=Y&VPD=Y&VFD=N",rates;monetary_policy;politics_macro,2026-08-10
2008-04-01,boe_bank_rate_change,Bank Rate changed to 5.0%,BoE Bank Rate moved from 5.25% to 5.0%,5.0,5.25,bank_of_england_iadb,"https://www.bankofengland.co.uk/boeapps/database/_iadb-fromshowcolumns.asp?csv.x=yes&Datefrom=01/Jan/1975&Dateto=now&SeriesCodes=IUDBEDR,IUMBV34,IUMBV37,IUMBV42,IUMBV45,IUM2WTL,IUM5WTL,IUMTLMV&UsingCodes=Y&VPD=Y&VFD=N",rates;monetary_policy;politics_macro,2026-08-10
2008-10-01,boe_bank_rate_change,Bank Rate changed to 4.5%,BoE Bank Rate moved from 5.0% to 4.5%,4.5,5.0,bank_of_england_iadb,"https://www.bankofengland.co.uk/boeapps/database/_iadb-fromshowcolumns.asp?csv.x=yes&Datefrom=01/Jan/1975&Dateto=now&SeriesCodes=IUDBEDR,IUMBV34,IUMBV37,IUMBV42,IUMBV45,IUM2WTL,IUM5WTL,IUMTLMV&UsingCodes=Y&VPD=Y&VFD=N",rates;monetary_policy;politics_macro,2026-08-10
2008-11-01,boe_bank_rate_change,Bank Rate changed to 3.0%,BoE Bank Rate moved from 4.5% to 3.0%,3.0,4.5,bank_of_england_iadb,"https://www.bankofengland.co.uk/boeapps/database/_iadb-fromshowcolumns.asp?csv.x=yes&Datefrom=01/Jan/1975&Dateto=now&SeriesCodes=IUDBEDR,IUMBV34,IUMBV37,IUMBV42,IUMBV45,IUM2WTL,IUM5WTL,IUMTLMV&UsingCodes=Y&VPD=Y&VFD=N",rates;monetary_policy;politics_macro,2026-08-10
2008-12-01,boe_bank_rate_change,Bank Rate changed to 2.0%,BoE Bank Rate moved from 3.0% to 2.0%,2.0,3.0,bank_of_england_iadb,"https://www.bankofengland.co.uk/boeapps/database/_iadb-fromshowcolumns.asp?csv.x=yes&Datefrom=01/Jan/1975&Dateto=now&SeriesCodes=IUDBEDR,IUMBV34,IUMBV37,IUMBV42,IUMBV45,IUM2WTL,IUM5WTL,IUMTLMV&UsingCodes=Y&VPD=Y&VFD=N",rates;monetary_policy;politics_macro,2026-08-10
2009-01-01,boe_bank_rate_change,Bank Rate changed to 1.5%,BoE Bank Rate moved from 2.0% to 1.5%,1.5,2.0,bank_of_england_iadb,"https://www.bankofengland.co.uk/boeapps/database/_iadb-fromshowcolumns.asp?csv.x=yes&Datefrom=01/Jan/1975&Dateto=now&SeriesCodes=IUDBEDR,IUMBV34,IUMBV37,IUMBV42,IUMBV45,IUM2WTL,IUM5WTL,IUMTLMV&UsingCodes=Y&VPD=Y&VFD=N",rates;monetary_policy;politics_macro,2026-08-10
2009-02-01,boe_bank_rate_change,Bank Rate changed to 1.0%,BoE Bank Rate moved from 1.5% to 1.0%,1.0,1.5,bank_of_england_iadb,"https://www.bankofengland.co.uk/boeapps/database/_iadb-fromshowcolumns.asp?csv.x=yes&Datefrom=01/Jan/1975&Dateto=now&SeriesCodes=IUDBEDR,IUMBV34,IUMBV37,IUMBV42,IUMBV45,IUM2WTL,IUM5WTL,IUMTLMV&UsingCodes=Y&VPD=Y&VFD=N",rates;monetary_policy;politics_macro,2026-08-10
2009-03-01,boe_bank_rate_change,Bank Rate changed to 0.5%,BoE Bank Rate moved from 1.0% to 0.5%,0.5,1.0,bank_of_england_iadb,"https://www.bankofengland.co.uk/boeapps/database/_iadb-fromshowcolumns.asp?csv.x=yes&Datefrom=01/Jan/1975&Dateto=now&SeriesCodes=IUDBEDR,IUMBV34,IUMBV37,IUMBV42,IUMBV45,IUM2WTL,IUM5WTL,IUMTLMV&UsingCodes=Y&VPD=Y&VFD=N",rates;monetary_policy;politics_macro,2026-08-10
2016-08-01,boe_bank_rate_change,Bank Rate changed to 0.25%,BoE Bank Rate moved from 0.5% to 0.25%,0.25,0.5,bank_of_england_iadb,"https://www.bankofengland.co.uk/boeapps/database/_iadb-fromshowcolumns.asp?csv.x=yes&Datefrom=01/Jan/1975&Dateto=now&SeriesCodes=IUDBEDR,IUMBV34,IUMBV37,IUMBV42,IUMBV45,IUM2WTL,IUM5WTL,IUMTLMV&UsingCodes=Y&VPD=Y&VFD=N",rates;monetary_policy;politics_macro,2026-08-10
2017-11-01,boe_bank_rate_change,Bank Rate changed to 0.5%,BoE Bank Rate moved from 0.25% to 0.5%,0.5,0.25,bank_of_england_iadb,"https://www.bankofengland.co.uk/boeapps/database/_iadb-fromshowcolumns.asp?csv.x=yes&Datefrom=01/Jan/1975&Dateto=now&SeriesCodes=IUDBEDR,IUMBV34,IUMBV37,IUMBV42,IUMBV45,IUM2WTL,IUM5WTL,IUMTLMV&UsingCodes=Y&VPD=Y&VFD=N",rates;monetary_policy;politics_macro,2026-08-10
2018-08-01,boe_bank_rate_change,Bank Rate changed to 0.75%,BoE Bank Rate moved from 0.5% to 0.75%,0.75,0.5,bank_of_england_iadb,"https://www.bankofengland.co.uk/boeapps/database/_iadb-fromshowcolumns.asp?csv.x=yes&Datefrom=01/Jan/1975&Dateto=now&SeriesCodes=IUDBEDR,IUMBV34,IUMBV37,IUMBV42,IUMBV45,IUM2WTL,IUM5WTL,IUMTLMV&UsingCodes=Y&VPD=Y&VFD=N",rates;monetary_policy;politics_macro,2026-08-10
2020-03-01,boe_bank_rate_change,Bank Rate changed to 0.1%,BoE Bank Rate moved from 0.75% to 0.1%,0.1,0.75,bank_of_england_iadb,"https://www.bankofengland.co.uk/boeapps/database/_iadb-fromshowcolumns.asp?csv.x=yes&Datefrom=01/Jan/1975&Dateto=now&SeriesCodes=IUDBEDR,IUMBV34,IUMBV37,IUMBV42,IUMBV45,IUM2WTL,IUM5WTL,IUMTLMV&UsingCodes=Y&VPD=Y&VFD=N",rates;monetary_policy;politics_macro,2026-08-10
2021-12-01,boe_bank_rate_change,Bank Rate changed to 0.25%,BoE Bank Rate moved from 0.1% to 0.25%,0.25,0.1,bank_of_england_iadb,"https://www.bankofengland.co.uk/boeapps/database/_iadb-fromshowcolumns.asp?csv.x=yes&Datefrom=01/Jan/1975&Dateto=now&SeriesCodes=IUDBEDR,IUMBV34,IUMBV37,IUMBV42,IUMBV45,IUM2WTL,IUM5WTL,IUMTLMV&UsingCodes=Y&VPD=Y&VFD=N",rates;monetary_policy;politics_macro,2026-08-10
2022-02-01,boe_bank_rate_change,Bank Rate changed to 0.5%,BoE Bank Rate moved from 0.25% to 0.5%,0.5,0.25,bank_of_england_iadb,"https://www.bankofengland.co.uk/boeapps/database/_iadb-fromshowcolumns.asp?csv.x=yes&Datefrom=01/Jan/1975&Dateto=now&SeriesCodes=IUDBEDR,IUMBV34,IUMBV37,IUMBV42,IUMBV45,IUM2WTL,IUM5WTL,IUMTLMV&UsingCodes=Y&VPD=Y&VFD=N",rates;monetary_policy;politics_macro,2026-08-10
2022-03-01,boe_bank_rate_change,Bank Rate changed to 0.75%,BoE Bank Rate moved from 0.5% to 0.75%,0.75,0.5,bank_of_england_iadb,"https://www.bankofengland.co.uk/boeapps/database/_iadb-fromshowcolumns.asp?csv.x=yes&Datefrom=01/Jan/1975&Dateto=now&SeriesCodes=IUDBEDR,IUMBV34,IUMBV37,IUMBV42,IUMBV45,IUM2WTL,IUM5WTL,IUMTLMV&UsingCodes=Y&VPD=Y&VFD=N",rates;monetary_policy;politics_macro,2026-08-10
2022-05-01,boe_bank_rate_change,Bank Rate changed to 1.0%,BoE Bank Rate moved from 0.75% to 1.0%,1.0,0.75,bank_of_england_iadb,"https://www.bankofengland.co.uk/boeapps/database/_iadb-fromshowcolumns.asp?csv.x=yes&Datefrom=01/Jan/1975&Dateto=now&SeriesCodes=IUDBEDR,IUMBV34,IUMBV37,IUMBV42,IUMBV45,IUM2WTL,IUM5WTL,IUMTLMV&UsingCodes=Y&VPD=Y&VFD=N",rates;monetary_policy;politics_macro,2026-08-10
2022-06-01,boe_bank_rate_change,Bank Rate changed to 1.25%,BoE Bank Rate moved from 1.0% to 1.25%,1.25,1.0,bank_of_england_iadb,"https://www.bankofengland.co.uk/boeapps/database/_iadb-fromshowcolumns.asp?csv.x=yes&Datefrom=01/Jan/1975&Dateto=now&SeriesCodes=IUDBEDR,IUMBV34,IUMBV37,IUMBV42,IUMBV45,IUM2WTL,IUM5WTL,IUMTLMV&UsingCodes=Y&VPD=Y&VFD=N",rates;monetary_policy;politics_macro,2026-08-10
2022-08-01,boe_bank_rate_change,Bank Rate changed to 1.75%,BoE Bank Rate moved from 1.25% to 1.75%,1.75,1.25,bank_of_england_iadb,"https://www.bankofengland.co.uk/boeapps/database/_iadb-fromshowcolumns.asp?csv.x=yes&Datefrom=01/Jan/1975&Dateto=now&SeriesCodes=IUDBEDR,IUMBV34,IUMBV37,IUMBV42,IUMBV45,IUM2WTL,IUM5WTL,IUMTLMV&UsingCodes=Y&VPD=Y&VFD=N",rates;monetary_policy;politics_macro,2026-08-10
2022-09-01,boe_bank_rate_change,Bank Rate changed to 2.25%,BoE Bank Rate moved from 1.75% to 2.25%,2.25,1.75,bank_of_england_iadb,"https://www.bankofengland.co.uk/boeapps/database/_iadb-fromshowcolumns.asp?csv.x=yes&Datefrom=01/Jan/1975&Dateto=now&SeriesCodes=IUDBEDR,IUMBV34,IUMBV37,IUMBV42,IUMBV45,IUM2WTL,IUM5WTL,IUMTLMV&UsingCodes=Y&VPD=Y&VFD=N",rates;monetary_policy;politics_macro,2026-08-10
2022-11-01,boe_bank_rate_change,Bank Rate changed to 3.0%,BoE Bank Rate moved from 2.25% to 3.0%,3.0,2.25,bank_of_england_iadb,"https://www.bankofengland.co.uk/boeapps/database/_iadb-fromshowcolumns.asp?csv.x=yes&Datefrom=01/Jan/1975&Dateto=now&SeriesCodes=IUDBEDR,IUMBV34,IUMBV37,IUMBV42,IUMBV45,IUM2WTL,IUM5WTL,IUMTLMV&UsingCodes=Y&VPD=Y&VFD=N",rates;monetary_policy;politics_macro,2026-08-10
2022-12-01,boe_bank_rate_change,Bank Rate changed to 3.5%,BoE Bank Rate moved from 3.0% to 3.5%,3.5,3.0,bank_of_england_iadb,"https://www.bankofengland.co.uk/boeapps/database/_iadb-fromshowcolumns.asp?csv.x=yes&Datefrom=01/Jan/1975&Dateto=now&SeriesCodes=IUDBEDR,IUMBV34,IUMBV37,IUMBV42,IUMBV45,IUM2WTL,IUM5WTL,IUMTLMV&UsingCodes=Y&VPD=Y&VFD=N",rates;monetary_policy;politics_macro,2026-08-10
2023-02-01,boe_bank_rate_change,Bank Rate changed to 4.0%,BoE Bank Rate moved from 3.5% to 4.0%,4.0,3.5,bank_of_england_iadb,"https://www.bankofengland.co.uk/boeapps/database/_iadb-fromshowcolumns.asp?csv.x=yes&Datefrom=01/Jan/1975&Dateto=now&SeriesCodes=IUDBEDR,IUMBV34,IUMBV37,IUMBV42,IUMBV45,IUM2WTL,IUM5WTL,IUMTLMV&UsingCodes=Y&VPD=Y&VFD=N",rates;monetary_policy;politics_macro,2026-08-10
2023-03-01,boe_bank_rate_change,Bank Rate changed to 4.25%,BoE Bank Rate moved from 4.0% to 4.25%,4.25,4.0,bank_of_england_iadb,"https://www.bankofengland.co.uk/boeapps/database/_iadb-fromshowcolumns.asp?csv.x=yes&Datefrom=01/Jan/1975&Dateto=now&SeriesCodes=IUDBEDR,IUMBV34,IUMBV37,IUMBV42,IUMBV45,IUM2WTL,IUM5WTL,IUMTLMV&UsingCodes=Y&VPD=Y&VFD=N",rates;monetary_policy;politics_macro,2026-08-10
2023-05-01,boe_bank_rate_change,Bank Rate changed to 4.5%,BoE Bank Rate moved from 4.25% to 4.5%,4.5,4.25,bank_of_england_iadb,"https://www.bankofengland.co.uk/boeapps/database/_iadb-fromshowcolumns.asp?csv.x=yes&Datefrom=01/Jan/1975&Dateto=now&SeriesCodes=IUDBEDR,IUMBV34,IUMBV37,IUMBV42,IUMBV45,IUM2WTL,IUM5WTL,IUMTLMV&UsingCodes=Y&VPD=Y&VFD=N",rates;monetary_policy;politics_macro,2026-08-10
2023-06-01,boe_bank_rate_change,Bank Rate changed to 5.0%,BoE Bank Rate moved from 4.5% to 5.0%,5.0,4.5,bank_of_england_iadb,"https://www.bankofengland.co.uk/boeapps/database/_iadb-fromshowcolumns.asp?csv.x=yes&Datefrom=01/Jan/1975&Dateto=now&SeriesCodes=IUDBEDR,IUMBV34,IUMBV37,IUMBV42,IUMBV45,IUM2WTL,IUM5WTL,IUMTLMV&UsingCodes=Y&VPD=Y&VFD=N",rates;monetary_policy;politics_macro,2026-08-10
2023-08-01,boe_bank_rate_change,Bank Rate changed to 5.25%,BoE Bank Rate moved from 5.0% to 5.25%,5.25,5.0,bank_of_england_iadb,"https://www.bankofengland.co.uk/boeapps/database/_iadb-fromshowcolumns.asp?csv.x=yes&Datefrom=01/Jan/1975&Dateto=now&SeriesCodes=IUDBEDR,IUMBV34,IUMBV37,IUMBV42,IUMBV45,IUM2WTL,IUM5WTL,IUMTLMV&UsingCodes=Y&VPD=Y&VFD=N",rates;monetary_policy;politics_macro,2026-08-10
2024-08-01,boe_bank_rate_change,Bank Rate changed to 5.0%,BoE Bank Rate moved from 5.25% to 5.0%,5.0,5.25,bank_of_england_iadb,"https://www.bankofengland.co.uk/boeapps/database/_iadb-fromshowcolumns.asp?csv.x=yes&Datefrom=01/Jan/1975&Dateto=now&SeriesCodes=IUDBEDR,IUMBV34,IUMBV37,IUMBV42,IUMBV45,IUM2WTL,IUM5WTL,IUMTLMV&UsingCodes=Y&VPD=Y&VFD=N",rates;monetary_policy;politics_macro,2026-08-10
2024-11-01,boe_bank_rate_change,Bank Rate changed to 4.75%,BoE Bank Rate moved from 5.0% to 4.75%,4.75,5.0,bank_of_england_iadb,"https://www.bankofengland.co.uk/boeapps/database/_iadb-fromshowcolumns.asp?csv.x=yes&Datefrom=01/Jan/1975&Dateto=now&SeriesCodes=IUDBEDR,IUMBV34,IUMBV37,IUMBV42,IUMBV45,IUM2WTL,IUM5WTL,IUMTLMV&UsingCodes=Y&VPD=Y&VFD=N",rates;monetary_policy;politics_macro,2026-08-10
2025-02-01,boe_bank_rate_change,Bank Rate changed to 4.5%,BoE Bank Rate moved from 4.75% to 4.5%,4.5,4.75,bank_of_england_iadb,"https://www.bankofengland.co.uk/boeapps/database/_iadb-fromshowcolumns.asp?csv.x=yes&Datefrom=01/Jan/1975&Dateto=now&SeriesCodes=IUDBEDR,IUMBV34,IUMBV37,IUMBV42,IUMBV45,IUM2WTL,IUM5WTL,IUMTLMV&UsingCodes=Y&VPD=Y&VFD=N",rates;monetary_policy;politics_macro,2026-08-10
2025-05-01,boe_bank_rate_change,Bank Rate changed to 4.25%,BoE Bank Rate moved from 4.5% to 4.25%,4.25,4.5,bank_of_england_iadb,"https://www.bankofengland.co.uk/boeapps/database/_iadb-fromshowcolumns.asp?csv.x=yes&Datefrom=01/Jan/1975&Dateto=now&SeriesCodes=IUDBEDR,IUMBV34,IUMBV37,IUMBV42,IUMBV45,IUM2WTL,IUM5WTL,IUMTLMV&UsingCodes=Y&VPD=Y&VFD=N",rates;monetary_policy;politics_macro,2026-08-10
2025-08-01,boe_bank_rate_change,Bank Rate changed to 4.0%,BoE Bank Rate moved from 4.25% to 4.0%,4.0,4.25,bank_of_england_iadb,"https://www.bankofengland.co.uk/boeapps/database/_iadb-fromshowcolumns.asp?csv.x=yes&Datefrom=01/Jan/1975&Dateto=now&SeriesCodes=IUDBEDR,IUMBV34,IUMBV37,IUMBV42,IUMBV45,IUM2WTL,IUM5WTL,IUMTLMV&UsingCodes=Y&VPD=Y&VFD=N",rates;monetary_policy;politics_macro,2026-08-10
2025-12-01,boe_bank_rate_change,Bank Rate changed to 3.75%,BoE Bank Rate moved from 4.0% to 3.75%,3.75,4.0,bank_of_england_iadb,"https://www.bankofengland.co.uk/boeapps/database/_iadb-fromshowcolumns.asp?csv.x=yes&Datefrom=01/Jan/1975&Dateto=now&SeriesCodes=IUDBEDR,IUMBV34,IUMBV37,IUMBV42,IUMBV45,IUM2WTL,IUM5WTL,IUMTLMV&UsingCodes=Y&VPD=Y&VFD=N",rates;monetary_policy;politics_macro,2026-08-10
